Return ID ,Merchant ,
00340434519206271898,Viva Maia,BER3
(Y)#LZ14867,LEZU,BER3
00340433921390088496,thebettercat,BER3
00340434785465606843,Dr. Emi,BER3
(Y)#13050,maxsquare GmbH,BER3
(Y)B2C000094,Lybbie,BER3
(Y)56996,Health and You ,BER3
00340434524960936341,Calisi Beauty,BER3
(Y)#434777,Lotuscrafts GmbH,BER3
(Y)NU745700,Nutrientify,BER3
00340434524960850388,Calisi Beauty,BER3
00340433921390143416,thebettercat,BER3
00340434519206205923,Purish Marketplaces,BER3
00340434524960913328,EH,BER3
00340434519206261868,Purish Marketplaces,BER3
00340434524960974244,Glücks Krone,BER3
00340434524960885717,Glücks Krone,BER3
00340434524960899233,Neurobites,BER3
00340434524960900854,Ingarden,BER3
00340433921390146479,thebettercat,BER3
00340434695214851458,Patronus,BER3
00340434524960880392,Hatwebtrade,BER3
00340434757705280298,Ingarden,BER3
(Y)ADE2354672,AVA & MAY,BER3
(Y)ADE2357857,AVA & MAY,BER3
00340433921390068528,thebettercat,BER3
(Y)#CL465749DL,MagicHolz,BER3
(Y)ADE2353884,AVA & MAY,BER3
(Y)#214246353,Dr. Emi,BER3
00340434519206281927,Embelly,BER3
(Y)#LZ15138,LEZU,BER3
(Y)#LZ14867,LEZU,BER3
(Y)#LZ15098,LEZU,BER3
(Y)#443601,ela mo,BER3
(Y)#443540,ela mo,BER3
(Y)#444629,ela mo,BER3
(Y)#444195,ela mo,BER3
00340434524960861865,SHYNE,BER3
00340434519942296865,Biotulin,BER3
(Y)530134381,Into Life,BER3
(Y)#444744,ela mo,BER3
(Y)DE54107,Ingarden,BER3
(Y)#152206,thebettercat,BER3
00340434519206210330,Embelly,BER3
(Y)#DAYONE-65414,DayOne,BER3
(Y)#DAYONE-65662,DayOne,BER3
(Y)#DAYONE-65289,DayOne,BER3
(Y)#DAYONE-65859,DayOne,BER3
(Y)#DAYONE-65324,DayOne,BER3
(Y)#DAYONE-65397,DayOne,BER3
(Y)DOU14579,Purish Marketplaces,BER3
(Y)#DAYONE-64286,DayOne,BER3
(Y)ADE2355099,AVA & MAY,BER3
(Y)#DAYONE-65689,DayOne,BER3
00340434666652184804,Matchday Nutrition,BER3
(Y)#445222,ela mo,BER3
(Y)#445399,ela mo,BER3
(Y)#445653,ela mo,BER3
(Y)#LZ15076,LEZU,BER3
(Y)#DAYONE-65600,DayOne,BER3
(Y)SA7888,Samthus ,BER3
(Y)#1978,Skinny Dip,BER3
00340434168072862541,Harvest Republic GmbH,BER3
(Y)#BTZ46027,Buttz,BER3
(Y)#6699,Phiala,BER3
(Y)#VM-191997,Viva Maia,BER3
00340434695214856897,Patronus,BER3
00340433921390152067,thebettercat,BER3
LE285193786DE,Biotulin,BER3
00340434524960987633,Flavona,BER3
(Y)530134856,Into Life,BER3
(Y)S-56370,Shavent,BER3
(Y)#CL466393DL,MagicHolz,BER3
(Y)#DAYONE-65692,DayOne,BER3
(Y)#444109,ela mo,BER3
(Y)#148781,thebettercat,BER3
(Y)#LZ15112,LEZU,BER3
(Y)#DAYONE-65246,DayOne,BER3
(Y)#443102,ela mo,BER3
(Y)#LZ14902,LEZU,BER3
(Y)#150431,thebettercat,BER3
00340434519206167016,Purish Marketplaces,BER3
(Y)S#16116,DIE RINGE,BER3
00340434524960966201,Calisi Beauty,BER3
00340434757705194328,Health and You ,BER3
00340434757705291973,Health and You ,BER3
00340434524960860530,Glücks Krone,BER3
CM753767561DE,Glucose Goddess,BER3
00340434519206325041,Purish Marketplaces,BER3
00340434517908260264,Waschies,BER3
00340434524960984588,Flavona,BER3
00340434519206323528,Viva Maia,BER3
00340434777889668262,Beyond Drinks,BER3
(Y)#147721,thebettercat,BER3
(Y)#163646,Samthus ,BER3
LE285213208DE,Pomelo,BER3
00340434524961013584,SHYNE,BER3
00340434524960985035,Flavona,BER3
00340434523487142549,This Place,BER3
00340434519206325485,Embelly,BER3
00340434519206221039,Purish Marketplaces,BER3
00340434519206231427,Nutrientify,BER3
00340434524960889197,Glücks Krone,BER3
00340433921390112573,thebettercat,BER3
00340434519206234596,Purish Marketplaces,BER3
00340434524960998936,Bluedenta,BER3
00340434757705200401,Glucose Goddess,BER3
00340434664661776546,Living Root,BER3
00340433921390118025,thebettercat,BER3
00340434520940117472,Hydraid,BER3
(Y)SA8181,Samthus ,BER3
(Y)#12787,maxsquare GmbH,BER3
(Y)#214247063,Dr. Emi,BER3
(Y)ADE2357398,AVA & MAY,BER3
(Y)#BTZ46665,Buttz,BER3
00340434519206262759,Into Life,BER3
00340434519206273977,Purish Marketplaces,BER3
00340434695214857597,Patronus,BER3
00340433921390116663,thebettercat,BER3
00340434757705254091,Health and You ,BER3
00340434524961015489,Flavona,BER3
(Y)#148819,thebettercat,BER3
(Y)#161679,BORA,BER3
(Y)SAK32252,Purish Marketplaces,BER3
00340434524960875060,Calisi Beauty,BER3
00340434524960993139,Glücks Krone,BER3
(Y)ADE2356657,AVA & MAY,BER3
00340434666652180202,Matchday Nutrition,BER3
00340434666652186013,Matchday Nutrition,BER3
00340433921390068238,thebettercat,BER3
00340434524960898540,Supplenatura Rheinland,BER3
(Y)123164,Hydraid,BER3
00340434757705239814,KatKare,BER3
00340434694980472751,Waschies,BER3
(Y)#VM-188964,Viva Maia,BER3
00340434736603628586,BORA,BER3
(Y)#152655,thebettercat,BER3
(Y)#LZ15119,LEZU,BER3
00340434777889679480,Beyond Drinks,BER3
(Y)ADE2355761,AVA & MAY,BER3
(Y)#BTZ46755,Buttz,BER3
(Y)#DAYONE-66247,DayOne,BER3
00340434695214860528,Patronus,BER3
(Y)#BTZ46765,Buttz,BER3
(Y)#BTZ46563,Buttz,BER3
(Y)#DAYONE-65967,DayOne,BER3
(Y)ADE2355061,AVA & MAY,BER3
(Y)ADE1856747,AVA & MAY,BER3
(Y)#DAYONE-66080,DayOne,BER3
00340433921390165746,thebettercat,BER3
(Y)#DAYONE-70345,DayOne,BER3
(Y)#LZ15813,LEZU,BER3
LLEU,litelok,POZ1
(Y)#220971,Within mood,POZ1
(Y)#608823,mybacs,POZ1
00340434880340623233,Ipanema Beauty,POZ1
00340435073421763709,SHEKO,POZ1
00340433924700055287,Tallow,POZ1
CA185197445DE,Tandm,POZ1
00340434658805113427,Tandm,POZ1
00340435073421757845,SHEKO,POZ1
00340433888371646741,mybacs,POZ1
(Y)#SRDE344141,Sophie Rosenburg,POZ1
(Y)#214291,Within mood,POZ1
(Y)#SRDE344143,Sophie Rosenburg,POZ1
(Y)#702766,Jacks Beauty Line,POZ1
(Y)#604629,mybacs,POZ1
(Y)#220837,Tallow,POZ1
#218206,Tallow,POZ1
#223835,Within mood,POZ1
00340434885910567702,Salted GmbH,POZ1
CJ445077059DE,Besser im Glas,POZ1
(Y)#220343,Within mood,POZ1
(Y)#319689,Edubini,POZ1
(Y)VA1020076437,Ipanema Beauty,POZ1
00340433888371506298,mybacs,POZ1
00340433924700114571,Tallow,POZ1
00340434757705307520,felmo gmbh,POZ1
00340433888371662451,mybacs,POZ1
(Y)#224198,Within mood,POZ1
00340435073421756800,SHEKO,POZ1
(Y)#338713,Edubini,POZ1
00340434519942366377,mybacs,POZ1
(Y)275238,My Rapunzel,POZ1
(Y)VA104752437,Ipanema Beauty,POZ1
00340434530552308328,vetevo GmbH,POZ1
00340434519942283643,mybacs,POZ1
(Y)#324197,Edubini,POZ1
00340433883036608904,Ipanema Beauty,POZ1
00340434519942309961,mybacs,POZ1
00340435073421633545,SHEKO,POZ1
00340433924700077111,Tallow,POZ1
00340433883036523009,Ipanema Beauty,POZ1
00340433924700123320,Tallow,POZ1
15834189009339,Sophie Rosenburg,POZ1
00340434519206329193,Edubini,POZ1
00340434519942322915,mybacs,POZ1
(Y)#323733,Edubini,POZ1
(Y)#226717,Within mood,POZ1
00340434519206251296,Edubini,POZ1
00340434519942363970,mybacs,POZ1
00340434885910542860,Blue farm,POZ1
00340433885222762162,Blue farm,POZ1
00340433885222374853,Blue farm,POZ1
00340433885222365738,Blue farm,POZ1
00340435073421682505,SHEKO,POZ1
00340435073421840745,SHEKO,POZ1
00340433883036592777,Ipanema Beauty,POZ1
00340433885221591855,TIOB GmbH,POZ1
00340435073421840851,SHEKO,POZ1
00340434519942250874,mybacs,POZ1
00340435073421698148,SHEKO,POZ1
00340435073421723550,SHEKO,POZ1
00340434757705276710,Pick'em Gmbh,POZ1
(Y)BE241494819KESS,Kess Berlin,POZ1
00340434519201101138,1111 of a Kind,BER3
00340434519201068905,1111 of a Kind,BER3
H1005040000077701025,AVA & MAY,BER3
H1005040000046001069,AVA & MAY,BER3
12122836505,AVA & MAY,BER3
12122833748,AVA & MAY,BER3
00340433921710020083,AVA & MAY,BER3
12122497368,AVA & MAY,BER3
00340433921710002607,AVA & MAY,BER3
00340433921710027174,AVA & MAY,BER3
00340434782311034119,AVA & MAY,BER3
00340433921710024517,AVA & MAY,BER3
00340433921710037876,AVA & MAY,BER3
00340434782310996395,AVA & MAY,BER3
12121416969,AVA & MAY,BER3
1155079623253,AVA & MAY,BER3
00340434782311004549,AVA & MAY,BER3
1155068152538,Adonis Foods,BER3
1155068140366,Adonis Foods,BER3
1155068137533,Adonis Foods,BER3
1155068073853,Adonis Foods,BER3
12331732197,Adonis Foods,BER3
1155060068515,Adonis Foods,BER3
1155060068512,Adonis Foods,BER3
1155036711175,Adonis Foods,BER3
00340434757704637420,Ancora Pacific GmbH,BER3
00340434757704579393,Ancora Pacific GmbH,BER3
00340434757704380623,Ancora Pacific GmbH,BER3
00340434757704396167,Ancora Pacific GmbH,BER3
00340434757704313966,Ancora Pacific GmbH,BER3
00340434757704158468,Ancora Pacific GmbH,BER3
00340434757703929533,Ancora Pacific GmbH,BER3
00340434757703936906,Ancora Pacific GmbH,BER3
00340434757704077622,Ancora Pacific GmbH,BER3
00340434757703942471,Ancora Pacific GmbH,BER3
00340434757703938139,Ancora Pacific GmbH,BER3
00340434757703935091,Ancora Pacific GmbH,BER3
00340434757703935220,Ancora Pacific GmbH,BER3
00340434757703882630,Ancora Pacific GmbH,BER3
00340434757703934896,Ancora Pacific GmbH,BER3
00340434757703599699,Anita Hass,BER3
00340434757703478567,Anita Hass,BER3
00340434757703478543,Anita Hass,BER3
00340434524961115691,Artem Oral Care GmbH,BER3
00340434524961040368,Artem Oral Care GmbH,BER3
00340434757705217560,Artem Oral Care GmbH,BER3
00340434524960870416,Artem Oral Care GmbH,BER3
00340434524960869830,Artem Oral Care GmbH,BER3
00340434524960592660,Artem Oral Care GmbH,BER3
00340434524960534516,Artem Oral Care GmbH,BER3
00340434524960380328,Artem Oral Care GmbH,BER3
00340434524960383541,Artem Oral Care GmbH,BER3
00340434524960383749,Artem Oral Care GmbH,BER3
00340434524960383558,Artem Oral Care GmbH,BER3
00340434524960383664,Artem Oral Care GmbH,BER3
00340434524960383701,Artem Oral Care GmbH,BER3
00340434524960383619,Artem Oral Care GmbH,BER3
00340434524960383527,Artem Oral Care GmbH,BER3
00340434524961307515,Athletes Eyewear,BER3
00340434524961219368,Athletes Eyewear,BER3
00340434524961250576,Athletes Eyewear,BER3
00340434524961219344,Athletes Eyewear,BER3
00340434524961277917,Athletes Eyewear,BER3
00340434757705587823,Athletes Eyewear,BER3
LF980028398DE,Athletes Eyewear,BER3
00340434524961219467,Athletes Eyewear,BER3
00340434524961106811,Athletes Eyewear,BER3
00340434524961132803,Athletes Eyewear,BER3
00340434524961240379,Athletes Eyewear,BER3
00340434524961219399,Athletes Eyewear,BER3
00340434524961181757,Athletes Eyewear,BER3
00340434757705518056,Athletes Eyewear,BER3
00340434757705510920,Athletes Eyewear,BER3
12122838023,Authentic Ayurveda,BER3
12119746331,Authentic Ayurveda,BER3
1155079630463,Authentic Ayurveda,BER3
00340434519205321679,Authentic Ayurveda,BER3
1155079583710,Authentic Ayurveda,BER3
1155079493619,Authentic Ayurveda,BER3
00340434519203536167,Authentic Ayurveda,BER3
12106904235,Authentic Ayurveda,BER3
LE285614427DE,Authentic Ayurveda,BER3
00340434519202761140,Authentic Ayurveda,BER3
1155068162315,Authentic Ayurveda,BER3
1155068133428,Authentic Ayurveda,BER3
1155068119939,Authentic Ayurveda,BER3
LE285378683DE,Authentic Ayurveda,BER3
1155068103252,Authentic Ayurveda,BER3
00340434736603648645,BORA,BER3
CD327981089DE,BORA,BER3
00340434736603648706,BORA,BER3
CD327981866DE,BORA,BER3
CD327980300DE,BORA,BER3
00340434736603642339,BORA,BER3
CD327978345DE,BORA,BER3
00340434736603647242,BORA,BER3
00340434736603642063,BORA,BER3
CD327976398DE,BORA,BER3
CD327970041DE,BORA,BER3
CD327971912DE,BORA,BER3
CD327980790DE,BORA,BER3
CD327974114DE,BORA,BER3
CD327967688DE,BORA,BER3
1155068059543,Babycar,BER3
1155068047399,Babycar,BER3
1155068052432,Babycar,BER3
1155068047303,Babycar,BER3
YVMFYWHY,Babycar,BER3
1155068019027,Babycar,BER3
1155068059655,Babycar,BER3
12342097952,Babycar,BER3
10408218912,Babycar,BER3
00340434777889644716,Beyond Drinks,BER3
00340434777889678421,Beyond Drinks,BER3
00340434777889676342,Beyond Drinks,BER3
00340434777889673105,Beyond Drinks,BER3
00340434777889674201,Beyond Drinks,BER3
00340434777889655637,Beyond Drinks,BER3
00340434777889651394,Beyond Drinks,BER3
00340434777889622530,Beyond Drinks,BER3
00340434777889638135,Beyond Drinks,BER3
00340434777889629034,Beyond Drinks,BER3
00340434777889630337,Beyond Drinks,BER3
00340434777889603812,Beyond Drinks,BER3
00340434777889595810,Beyond Drinks,BER3
00340434777889597852,Beyond Drinks,BER3
12119734515,Beyond Drinks,BER3
00340434519942467241,Biotulin,BER3
00340434519942371029,Biotulin,BER3
LE285203894DE,Biotulin,BER3
00340434519942296919,Biotulin,BER3
12121422769,Biotulin,BER3
00340434519942191696,Biotulin,BER3
00340434519942154332,Biotulin,BER3
00340434519942169121,Biotulin,BER3
00340434757704838827,Biotulin,BER3
00340434519942115203,Biotulin,BER3
00340434524960217860,Biotulin,BER3
00340433885218336063,Biotulin,BER3
00340434524960343606,Biotulin,BER3
00340434524960460839,Biotulin,BER3
00340434524960422875,Biotulin,BER3
00340434166105211694,Boodies GmbH,BER3
00340434166105211687,Boodies GmbH,BER3
00340434880990046895,Boodies GmbH,BER3
00340434880990046819,Boodies GmbH,BER3
00340434166105210376,Boodies GmbH,BER3
1047980500017930111506,Boodies GmbH,BER3
LE285178024DE,Boodies GmbH,BER3
00340434880990046567,Boodies GmbH,BER3
00340434880990046581,Boodies GmbH,BER3
00340434880990046598,Boodies GmbH,BER3
00340434880990046574,Boodies GmbH,BER3
00340434880990046536,Boodies GmbH,BER3
00340434880990046109,Boodies GmbH,BER3
00340434880990042682,Boodies GmbH,BER3
00340434880990046505,Boodies GmbH,BER3
00340434524961280634,Buttz,BER3
00340434524961280672,Buttz,BER3
00340434524961270437,Buttz,BER3
00340434524961087288,Buttz,BER3
00340434524961076671,Buttz,BER3
12122840808,Buttz,BER3
00340434524961233845,Buttz,BER3
00340434524961083167,Buttz,BER3
00340434524961224935,Buttz,BER3
00340434524961195969,Buttz,BER3
00340434524961085765,Buttz,BER3
00340434524961110825,Buttz,BER3
00340434524961223693,Buttz,BER3
00340434524961195594,Buttz,BER3
00340434524961086960,Buttz,BER3
00340434757705187887,CASALEO,BER3
00340434524960497095,CASALEO,BER3
00340434524960502157,CASALEO,BER3
00340434524960492847,CASALEO,BER3
00340434524960470746,CASALEO,BER3
00340434524960518325,CASALEO,BER3
00340434524960406844,CASALEO,BER3
00340434524960395896,CASALEO,BER3
1044055500840220123518,CASALEO,BER3
00340434732866185415,Charles,BER3
00340434732866172002,Charles,BER3
00340434732866170503,Charles,BER3
00340434732866155241,Charles,BER3
00340434514046596064,Crack List,BER3
00340434519941116461,Crack List,BER3
00340434519940058410,Crack List,BER3
00340434519200268320,Crack List,BER3
00340434519200254989,Crack List,BER3
00340434519200112937,Crack List,BER3
00340434757700371946,Crack List,BER3
SCCWF3PB3XB6,Creator Journal,BER3
1155079612697,Creator Journal,BER3
1155079590388,Creator Journal,BER3
1155079569010,Creator Journal,BER3
SCCWF3M7R8YB,Creator Journal,BER3
SCCWF3M3H3BY,Creator Journal,BER3
SCCWF3M4MQJV,Creator Journal,BER3
UE645942093DE,Creator Journal,BER3
SCCWF3M3BDVV,Creator Journal,BER3
SCCWF3MWXT6B,Creator Journal,BER3
1155067988069,Creator Journal,BER3
SCCWF3MMH3DW,Creator Journal,BER3
00340434519942118518,CureTape,BER3
12123150266,DIE RINGE,BER3
12122838123,DIE RINGE,BER3
12122496665,DIE RINGE,BER3
12122830624,DIE RINGE,BER3
12122497780,DIE RINGE,BER3
12121428331,DIE RINGE,BER3
12122830681,DIE RINGE,BER3
12122495973,DIE RINGE,BER3
12122494922,DIE RINGE,BER3
12122493223,DIE RINGE,BER3
12121427732,DIE RINGE,BER3
12121422804,DIE RINGE,BER3
12121421486,DIE RINGE,BER3
12121421777,DIE RINGE,BER3
12121421819,DIE RINGE,BER3
00340434513961841020,DOG1,BER3
LE285560763DE,DUEROS,BER3
12104734584,Daniel Woik (Olivsen),BER3
12104734539,Daniel Woik (Olivsen),BER3
12104490548,Daniel Woik (Olivsen),BER3
12104524862,Daniel Woik (Olivsen),BER3
12103377576,Daniel Woik (Olivsen),BER3
12103427540,Daniel Woik (Olivsen),BER3
12103377607,Daniel Woik (Olivsen),BER3
00340434757705527751,DayOne,BER3
00340434757705567344,DayOne,BER3
00340434757705520615,DayOne,BER3
00340434757705622708,DayOne,BER3
00340434757705595484,DayOne,BER3
00340434757705611177,DayOne,BER3
00340434757705610934,DayOne,BER3
00340434757705469280,DayOne,BER3
00340434757705517943,DayOne,BER3
00340434757705559493,DayOne,BER3
00340434757705512139,DayOne,BER3
00340434757705623606,DayOne,BER3
00340434757705601437,DayOne,BER3
12123149472,DayOne,BER3
00340434757705596405,DayOne,BER3
12119761851,Djuce,BER3
12119754625,Djuce,BER3
12114628110,Djuce,BER3
12119713329,Djuce,BER3
12114626582,Djuce,BER3
12114628094,Djuce,BER3
12114601933,Djuce,BER3
12114614388,Djuce,BER3
12111018374,Djuce,BER3
12109619649,Djuce,BER3
12108191205,Djuce,BER3
12108076248,Djuce,BER3
12107844083,Djuce,BER3
12107822918,Djuce,BER3
12106872086,Djuce,BER3
12121419379,DockATot,BER3
12119725209,DockATot,BER3
12119725214,DockATot,BER3
12109621276,DockATot,BER3
YVMGC0FF,DockATot,BER3
00340434785465682380,Dr. Emi,BER3
00340434785465690156,Dr. Emi,BER3
00340434785465687712,Dr. Emi,BER3
00340434785465686340,Dr. Emi,BER3
00340434785465688634,Dr. Emi,BER3
00340434785465693898,Dr. Emi,BER3
00340434785465687101,Dr. Emi,BER3
00340434785465671216,Dr. Emi,BER3
00340434785465687491,Dr. Emi,BER3
00340434785465667912,Dr. Emi,BER3
00340434785465685718,Dr. Emi,BER3
00340434785465684148,Dr. Emi,BER3
00340434785465672152,Dr. Emi,BER3
00340434785465662832,Dr. Emi,BER3
00340434785465683660,Dr. Emi,BER3
SCCWF3J9CW7J,Edubini,BER3
SCCWF3J9BX88,Edubini,BER3
SCCWF3J9BT3B,Edubini,BER3
1155067085926,Edubini,BER3
1155067082955,Edubini,BER3
A002995A2900007CB965,Edubini,BER3
1155067082907,Edubini,BER3
A002995A2900007DD68C,Edubini,BER3
1155066174427,Edubini,BER3
A002995A2900007AE737,Edubini,BER3
1155066162863,Edubini,BER3
1155066172413,Edubini,BER3
A002995A2900007CC273,Edubini,BER3
A002995A2900007E942A,Edubini,BER3
A002995A2900007D99B8,Edubini,BER3
00340434757701805464,Embelly,BER3
1155067982538,Enmasse Nutrition,BER3
1155068133590,Enmasse Nutrition,BER3
1155068112869,Enmasse Nutrition,BER3
1155068102315,Enmasse Nutrition,BER3
1155068102222,Enmasse Nutrition,BER3
1155068093273,Enmasse Nutrition,BER3
1155068093331,Enmasse Nutrition,BER3
1155068073646,Enmasse Nutrition,BER3
1155067979234,Enmasse Nutrition,BER3
1155067981471,Enmasse Nutrition,BER3
1155067076090,Enmasse Nutrition,BER3
00340434327749850155,Facial Room Skincare GmbH,BER3
CA092135911DE,Facial Room Skincare GmbH,BER3
00340434327749848275,Facial Room Skincare GmbH,BER3
00340434327749848763,Facial Room Skincare GmbH,BER3
00340434327749845731,Facial Room Skincare GmbH,BER3
00340434327749845991,Facial Room Skincare GmbH,BER3
00340434327749840675,Facial Room Skincare GmbH,BER3
00340434327749844543,Facial Room Skincare GmbH,BER3
CA092135315DE,Facial Room Skincare GmbH,BER3
00340434327749839662,Facial Room Skincare GmbH,BER3
00340434327749842747,Facial Room Skincare GmbH,BER3
00340434327749841740,Facial Room Skincare GmbH,BER3
00340434327749841238,Facial Room Skincare GmbH,BER3
00340434327749834834,Facial Room Skincare GmbH,BER3
00340434327749840088,Facial Room Skincare GmbH,BER3
00340434757704262622,Fantastic Frames,BER3
6331217152,Fantastic Frames,BER3
00340434757704089786,Fantastic Frames,BER3
00340434757704004482,Fantastic Frames,BER3
00340434757704208323,Fantastic Frames,BER3
00340434757703936920,Fantastic Frames,BER3
00340434757704207562,Fantastic Frames,BER3
00340434757703933547,Fantastic Frames,BER3
00340434757704207746,Fantastic Frames,BER3
00340434757703777936,Fantastic Frames,BER3
00340434757704054876,Fantastic Frames,BER3
00340434757703709074,Fantastic Frames,BER3
00340434757703892387,Fantastic Frames,BER3
00340434757704055293,Fantastic Frames,BER3
00340434757704052452,Fantastic Frames,BER3
00340434524961171802,Flavona,BER3
00340434524961182983,Flavona,BER3
00340434524961188381,Flavona,BER3
00340434524960982010,Flavona,BER3
00340434524961185311,Flavona,BER3
00340434524961177323,Flavona,BER3
00340434524961202032,Flavona,BER3
00340434524961187056,Flavona,BER3
00340434524961189012,Flavona,BER3
00340434524961184048,Flavona,BER3
00340434524961172526,Flavona,BER3
00340434524961188213,Flavona,BER3
00340434524961179440,Flavona,BER3
00340434524961171048,Flavona,BER3
00340434524961187230,Flavona,BER3
00340434713743642948,Fruehlingszwiebel,BER3
00340434713743630532,Fruehlingszwiebel,BER3
00340434524960823450,Fruehlingszwiebel,BER3
00340434713743096277,Fruehlingszwiebel,BER3
00340434524960444617,Fruehlingszwiebel,BER3
00340434524960434366,Fruehlingszwiebel,BER3
00340434524960436087,Fruehlingszwiebel,BER3
00340434524960251413,Fruehlingszwiebel,BER3
00340434713743058121,Fruehlingszwiebel,BER3
00340434524960209131,Fruehlingszwiebel,BER3
00340434713743059852,Fruehlingszwiebel,BER3
00340434514046367947,Fruehlingszwiebel,BER3
00340434514046352059,Fruehlingszwiebel,BER3
00340434514046286972,Fruehlingszwiebel,BER3
00340434519940961499,Fruehlingszwiebel,BER3
1155068042220,GROW WITH ANNA,BER3
1155068157721,GROW WITH ANNA,BER3
12344430543,GROW WITH ANNA,BER3
1155068072465,GROW WITH ANNA,BER3
1155068042340,GROW WITH ANNA,BER3
00340434513962530992,GROW WITH ANNA,BER3
1155068115397,GROW WITH ANNA,BER3
12100536263,GROW WITH ANNA,BER3
1155068096858,GROW WITH ANNA,BER3
1155060098764,GROW WITH ANNA,BER3
1155066139954,GROW WITH ANNA,BER3
1155060074645,GROW WITH ANNA,BER3
1155068092577,GROW WITH ANNA,BER3
1155068068691,GROW WITH ANNA,BER3
12344628651,GROW WITH ANNA,BER3
A002995A29000070F826,Gaudy-Foods (Milano Vice),BER3
00340434524960858421,Gava,BER3
00340434524960575038,Glücks Krone,BER3
00340434757704388933,Glücks Krone,BER3
1044055500820300181201,Glücks Krone,BER3
00340434524960288662,Glücks Krone,BER3
00340434514046593032,Glücks Krone,BER3
00340434514046720872,Glücks Krone,BER3
00340434757704041746,Glücks Krone,BER3
00340434757703756344,Glücks Krone,BER3
00340434757703730917,Glücks Krone,BER3
00340434514046495749,Glücks Krone,BER3
00340434514046465216,Glücks Krone,BER3
00340434514046334260,Glücks Krone,BER3
00340434514046271466,Glücks Krone,BER3
00340434519941502592,Glücks Krone,BER3
00340434514046321727,Glücks Krone,BER3
00340434757705138094,Goldies Worldwide GmbH,BER3
00340434757704677204,Goldies Worldwide GmbH,BER3
00340434524960138042,Goldies Worldwide GmbH,BER3
00340434757704379856,Goldies Worldwide GmbH,BER3
00340434524960035730,Goldies Worldwide GmbH,BER3
00340434524960012861,Goldies Worldwide GmbH,BER3
00340434524960012687,Goldies Worldwide GmbH,BER3
00340434757705443488,Gymondo-onlineshop,BER3
00340434757705199767,Gymondo-onlineshop,BER3
00340434757705197770,Gymondo-onlineshop,BER3
12119761525,Gymondo-onlineshop,BER3
12119761740,Gymondo-onlineshop,BER3
00340434757705037229,Gymondo-onlineshop,BER3
00340434757705052598,Gymondo-onlineshop,BER3
00340434757704942937,Gymondo-onlineshop,BER3
00340434757704969675,Gymondo-onlineshop,BER3
00340434757704814876,Gymondo-onlineshop,BER3
00340434757704814944,Gymondo-onlineshop,BER3
00340434757704814463,Gymondo-onlineshop,BER3
00340434757704733375,Gymondo-onlineshop,BER3
12119732914,Gymondo-onlineshop,BER3
12119730396,Gymondo-onlineshop,BER3
00340434787024917643,HAFERLÖWE,BER3
00340434787024895491,HAFERLÖWE,BER3
00340434787024907378,HAFERLÖWE,BER3
00340434787024896627,HAFERLÖWE,BER3
00340434787024806145,HAFERLÖWE,BER3
00340434787024819626,HAFERLÖWE,BER3
00340434787024783811,HAFERLÖWE,BER3
00340434787024695718,HAFERLÖWE,BER3
00340434787024665193,HAFERLÖWE,BER3
00340434787024625890,HAFERLÖWE,BER3
00340434787024608824,HAFERLÖWE,BER3
00340434787024616041,HAFERLÖWE,BER3
00340434787024624787,HAFERLÖWE,BER3
00340434787024550543,HAFERLÖWE,BER3
00340434787024490313,HAFERLÖWE,BER3
996014923500032800,Habbys,BER3
00340434168072868819,Harvest Republic GmbH,BER3
00340434168072865504,Harvest Republic GmbH,BER3
00340434168072864545,Harvest Republic GmbH,BER3
00340434168072866143,Harvest Republic GmbH,BER3
00340434168072864750,Harvest Republic GmbH,BER3
00340434168072857813,Harvest Republic GmbH,BER3
00340434168072858537,Harvest Republic GmbH,BER3
00340434168072857677,Harvest Republic GmbH,BER3
00340434168072856977,Harvest Republic GmbH,BER3
00340434168072855864,Harvest Republic GmbH,BER3
00340434168072856960,Harvest Republic GmbH,BER3
00340434168072854331,Harvest Republic GmbH,BER3
00340434757704925534,Harvest Republic GmbH,BER3
00340434168072854584,Harvest Republic GmbH,BER3
00340434168072853570,Harvest Republic GmbH,BER3
00340434524961090349,Hatwebtrade,BER3
00340434524961065842,Hatwebtrade,BER3
00340434524961040870,Hatwebtrade,BER3
00340434757704999399,Hatwebtrade,BER3
00340434524960552091,Hatwebtrade,BER3
00340434524960479190,Hatwebtrade,BER3
00340434524960303341,Hatwebtrade,BER3
1155079564847,Hatwebtrade,BER3
1155079542721,Hatwebtrade,BER3
1155079485625,Hatwebtrade,BER3
1155079545929,Hatwebtrade,BER3
1155079504748,Hatwebtrade,BER3
1155079492837,Hatwebtrade,BER3
1155068046925,Hatwebtrade,BER3
1155068013784,Hatwebtrade,BER3
00340434789711707872,Health Bar,BER3
00340434789711556722,Health Bar,BER3
00340434789711587276,Health Bar,BER3
00340434789711566028,Health Bar,BER3
00340434789711512353,Health Bar,BER3
00340434789711534881,Health Bar,BER3
00340434789711543333,Health Bar,BER3
00340434789711528378,Health Bar,BER3
00340434789711516726,Health Bar,BER3
00340434789711505553,Health Bar,BER3
00340434789711494666,Health Bar,BER3
00340434789711478390,Health Bar,BER3
00340434789711499517,Health Bar,BER3
00340434789711504068,Health Bar,BER3
00340434789711480591,Health Bar,BER3
00340434757705616424,Health and You,BER3
00340434757705590359,Health and You,BER3
00340434757705450691,Health and You,BER3
00340434757705492134,Health and You,BER3
00340434757705497146,Health and You,BER3
00340434757705383739,Health and You,BER3
00340434757705533448,Health and You,BER3
00340434757705301726,Health and You,BER3
00340434757705137714,Health and You,BER3
00340434757705319318,Health and You,BER3
00340434757705169845,Health and You,BER3
00340434757705268142,Health and You,BER3
00340434757705287488,Health and You,BER3
00340434757705236783,Health and You,BER3
00340434757705259256,Health and You,BER3
00340434757705412125,Hello Inside,BER3
00340434757705591592,Hello Inside,BER3
00340434757705449893,Hello Inside,BER3
00340434757705422896,Hello Inside,BER3
00340434757705220959,Hello Inside,BER3
00340434757705439146,Hello Inside,BER3
00340434757705412989,Hello Inside,BER3
00340434757705450264,Hello Inside,BER3
00340434757705309715,Hello Inside,BER3
1155068151347,Hello Inside,BER3
00340434757705285231,Hello Inside,BER3
00340434757705145634,Hello Inside,BER3
00340434757705056770,Hello Inside,BER3
00340434757705060937,Hello Inside,BER3
LE285150410DE,Hello Inside,BER3
00340434519202183638,HighDroxy,BER3
00340434519201538385,HighDroxy,BER3
00340434519201499051,HighDroxy,BER3
00340434519201219772,HighDroxy,BER3
00340434780939738617,Horl,BER3
00340434780939758905,Horl,BER3
00340434780939750954,Horl,BER3
CB188535884DE,Horl,BER3
00340434780939744397,Horl,BER3
4185312434,Horl,BER3
CB188523254DE,Horl,BER3
00340434780939756802,Horl,BER3
CB188524612DE,Horl,BER3
00340434780939746001,Horl,BER3
8355413872,Horl,BER3
CB188526423DE,Horl,BER3
2705275333,Horl,BER3
CB188532415DE,Horl,BER3
00340434780939750602,Horl,BER3
1155060094624,Hunter & Gather Foods,BER3
00340434781823796706,Hydraid,BER3
00340434781823760868,Hydraid,BER3
00340434781823774124,Hydraid,BER3
00340434781823774636,Hydraid,BER3
00340434781823764064,Hydraid,BER3
00340434781823744929,Hydraid,BER3
00340434520940113917,Hydraid,BER3
00340434781823737143,Hydraid,BER3
00340434781823734937,Hydraid,BER3
00340434520940111968,Hydraid,BER3
00340434781823734425,Hydraid,BER3
00340434781823734418,Hydraid,BER3
00340434781823726277,Hydraid,BER3
00340434781823716858,Hydraid,BER3
00340434781823716070,Hydraid,BER3
00340434757705549579,Ingarden,BER3
00340434757705270480,Ingarden,BER3
6215295543072,Ingarden,BER3
00340434757705255791,Ingarden,BER3
00340434524961137839,Ingarden,BER3
00340434524961080890,Ingarden,BER3
00340434757705308114,Ingarden,BER3
00340434524961031366,Ingarden,BER3
12119751415,Ingarden,BER3
12121422048,Ingarden,BER3
00340434757705270961,Ingarden,BER3
UE155447095DE,Ingarden,BER3
00340434757705282674,Ingarden,BER3
6215295537816,Ingarden,BER3
12119754606,Ingarden,BER3
00340434514569056984,Inkster,BER3
00340434514569056953,Inkster,BER3
00340434514569056922,Inkster,BER3
00340434514569056373,Inkster,BER3
00340434514569056274,Inkster,BER3
00340434514569056182,Inkster,BER3
00340434514569054812,Inkster,BER3
00340434514569054331,Inkster,BER3
00340434514569054607,Inkster,BER3
00340434514569054317,Inkster,BER3
00340434514569052658,Inkster,BER3
00340434514569052498,Inkster,BER3
00340434514569052597,Inkster,BER3
00340434514569052580,Inkster,BER3
00340434514569050289,Inkster,BER3
00340434519206459364,Into Life,BER3
00340434757705494145,Into Life,BER3
00340434757705388345,Into Life,BER3
00340434757705337664,Into Life,BER3
00340434757705295186,Into Life,BER3
12122497636,Into Life,BER3
00340434519206302974,Into Life,BER3
00340434757705251830,Into Life,BER3
00340434757705222038,Into Life,BER3
00340434757705204713,Into Life,BER3
00340434757705178328,Into Life,BER3
00340434519206123593,Into Life,BER3
00340434757705026032,Into Life,BER3
00340434757705103139,Into Life,BER3
00340434757705080317,Into Life,BER3
00340434757700900757,KIBGame,BER3
00340434757700528500,KIBGame,BER3
00340434757700253389,KIBGame,BER3
00340434757700253426,KIBGame,BER3
10405282397,KIBGame,BER3
10405285023,KIBGame,BER3
10404997570,KIBGame,BER3
00340434757700357650,KIBGame,BER3
00340434757700380931,KIBGame,BER3
00340434757700381556,KIBGame,BER3
00340434757700349242,KIBGame,BER3
00340434757700363514,KIBGame,BER3
00340434757700363521,KIBGame,BER3
00340434757700363026,KIBGame,BER3
LE285779806DE,KIBGame,BER3
00340434757705262645,KatKare,BER3
00340434757704924438,KatKare,BER3
00340434757704949288,KatKare,BER3
00340434757704888167,KatKare,BER3
1155079632738,KatKare,BER3
00340434757704667212,KatKare,BER3
00340434757704394415,KatKare,BER3
00340434757704394279,KatKare,BER3
00340434757704118103,KatKare,BER3
00340434757703695513,KatKare,BER3
00340434757703913716,KatKare,BER3
00340434757703680267,KatKare,BER3
00340434757703557446,KatKare,BER3
00340434757703493966,KatKare,BER3
00340434757703481642,KatKare,BER3
1155067999134,Kekz,BER3
1155067979015,Kekz,BER3
00340434757702549121,L Complex,BER3
1044055500502910111808,L Complex,BER3
00340434757701780167,L Complex,BER3
00340434757701412211,L Complex,BER3
00340434757701262045,L Complex,BER3
1044055500474000123407,L Complex,BER3
00340434757701206452,L Complex,BER3
00340434757701002894,L Complex,BER3
00340434757701000562,L Complex,BER3
00340434757700936497,L Complex,BER3
00340434757701064663,L Complex,BER3
00340434757701039227,L Complex,BER3
1044055500452030150204,L Complex,BER3
1044055500453090150203,L Complex,BER3
00340434757700876762,L Complex,BER3
00340434757705435292,LEZU,BER3
00340434757705517400,LEZU,BER3
00340434757705618046,LEZU,BER3
00340434757705609778,LEZU,BER3
00340434757705476332,LEZU,BER3
00340434757705449596,LEZU,BER3
00340434757705366275,LEZU,BER3
00340434757705367395,LEZU,BER3
00340434757705367340,LEZU,BER3
00340434757705325869,LEZU,BER3
00340434757705496682,LEZU,BER3
00340434757705586222,LEZU,BER3
00340434757705568112,LEZU,BER3
00340434757705541382,LEZU,BER3
00340434757705367517,LEZU,BER3
00340434513964673673,LediBelle (Appenzeller),BER3
00340434513964586928,LediBelle (Appenzeller),BER3
00340434757704283900,LediBelle (Appenzeller),BER3
00340434757703895357,LediBelle (Appenzeller),BER3
00340434513963910717,LediBelle (Appenzeller),BER3
00340434513963845941,LediBelle (Appenzeller),BER3
00340434513963704392,LediBelle (Appenzeller),BER3
1047980500223250142131,Little Casimir UG,BER3
00340434757705544116,Little Casimir UG,BER3
00340434757705429741,Little Casimir UG,BER3
00340434757705311992,Little Casimir UG,BER3
00340434524961239366,Little Casimir UG,BER3
00340434524961241758,Little Casimir UG,BER3
00340434757705420151,Little Casimir UG,BER3
00340434524961003301,Little Casimir UG,BER3
00340434524961143809,Little Casimir UG,BER3
00340434757705427433,Little Casimir UG,BER3
00340434757705582507,Little Casimir UG,BER3
00340434757705429482,Little Casimir UG,BER3
00340434757705581500,Little Casimir UG,BER3
00340434524961202285,Little Casimir UG,BER3
00340434524961081248,Little Casimir UG,BER3
00340434664661779431,Living Root,BER3
00340434664661775747,Living Root,BER3
00340434664661776539,Living Root,BER3
00340434524960934835,Living Root,BER3
00340434524960830939,Living Root,BER3
00340434524960680015,Living Root,BER3
00340434664661765946,Living Root,BER3
1155079630115,Living Root,BER3
12119718924,Living Root,BER3
00340434664661753059,Living Root,BER3
00340434664661764192,Living Root,BER3
00340434664661756388,Living Root,BER3
1155079619228,Living Root,BER3
00340434664661757835,Living Root,BER3
1155079613708,Living Root,BER3
00340434524961195211,Lotuscrafts GmbH,BER3
1047980500127000190208,Lotuscrafts GmbH,BER3
00340433888371718561,Lotuscrafts GmbH,BER3
1047980500258470164144,Lotuscrafts GmbH,BER3
00340433888371684736,Lotuscrafts GmbH,BER3
00340433888371702034,Lotuscrafts GmbH,BER3
00340433888371715126,Lotuscrafts GmbH,BER3
00340433888371708869,Lotuscrafts GmbH,BER3
1047980500242280136835,Lotuscrafts GmbH,BER3
00340433888371704007,Lotuscrafts GmbH,BER3
1047980500226760169742,Lotuscrafts GmbH,BER3
00340433888371713016,Lotuscrafts GmbH,BER3
00340433888371694971,Lotuscrafts GmbH,BER3
1047980500259030168503,Lotuscrafts GmbH,BER3
00340433888371708906,Lotuscrafts GmbH,BER3
12122838499,Lumond,BER3
00340434757705540934,Lumond,BER3
00340434757705397101,Lumond,BER3
00340434757705405134,Lumond,BER3
00340434757705406315,Lumond,BER3
00340434757705418493,Lumond,BER3
00340434757705500501,Lumond,BER3
00340434757705305885,Lumond,BER3
00340434524960961756,Lybbie,BER3
00340434524961113178,Lybbie,BER3
00340434524961147593,Lybbie,BER3
12122830627,Lybbie,BER3
00340434524961135439,Lybbie,BER3
12122839169,Lybbie,BER3
SCCWF3PKYWDC,Lybbie,BER3
12122833918,Lybbie,BER3
12121425228,Lybbie,BER3
00340434524961042652,Lybbie,BER3
12122499366,Lybbie,BER3
SCCWF3PK4P6Q,Lybbie,BER3
12121427156,Lybbie,BER3
12122493483,Lybbie,BER3
12122497248,Lybbie,BER3
00340434757705640696,MagicHolz,BER3
00340434757705629578,MagicHolz,BER3
00340434516379249914,MagicHolz,BER3
00340434757705629189,MagicHolz,BER3
00340434757705629172,MagicHolz,BER3
00340434757705629387,MagicHolz,BER3
00340434757705634510,MagicHolz,BER3
00340434757705628830,MagicHolz,BER3
00340434516379249860,MagicHolz,BER3
00340434757705618213,MagicHolz,BER3
00340434757705639966,MagicHolz,BER3
00340434516379249815,MagicHolz,BER3
00340434757701666058,MagicHolz,BER3
00340434757705612471,MagicHolz,BER3
00340434757705612419,MagicHolz,BER3
12122830714,Masulo,BER3
12122836443,Masulo,BER3
12121425648,Masulo,BER3
12122493543,Masulo,BER3
12121427889,Masulo,BER3
12121427889,Masulo,BER3
12121422988,Masulo,BER3
12119756652,Masulo,BER3
00340434524960334093,Matcha Plus,BER3
00340434524960006440,Matcha Plus,BER3
00340434666652186020,Matchday Nutrition,BER3
12121427706,Matchday Nutrition,BER3
00340434666652174454,Matchday Nutrition,BER3
00340434666652171675,Matchday Nutrition,BER3
00340434666652168293,Matchday Nutrition,BER3
00340434666652169825,Matchday Nutrition,BER3
00340434666652162048,Matchday Nutrition,BER3
00340434666652157266,Matchday Nutrition,BER3
00340434666652158393,Matchday Nutrition,BER3
00340434666652156672,Matchday Nutrition,BER3
00340434666652154258,Matchday Nutrition,BER3
00340434666652150649,Matchday Nutrition,BER3
00340434666652155071,Matchday Nutrition,BER3
00340434666652146734,Matchday Nutrition,BER3
00340434666652145515,Matchday Nutrition,BER3
00340434713743627365,Medical Inn,BER3
00340434513965002892,Medical Inn,BER3
00340434513964985639,Medical Inn,BER3
00340434513964855659,Medical Inn,BER3
00340434513964790431,Medical Inn,BER3
00340434513964605575,Medical Inn,BER3
00340434513963327522,Medical Inn,BER3
00340434513962548058,Medical Inn,BER3
00340434713742469508,Medical Inn,BER3
00340434513961860496,Medical Inn,BER3
00340434513961858226,Medical Inn,BER3
00340434513961852927,Medical Inn,BER3
00340434513961855980,Medical Inn,BER3
00340434519940025658,Medical Inn,BER3
00340434515582900261,Medical Inn,BER3
1155068140650,Meina Naturkosmetik,BER3
00340434513962460725,Meina Naturkosmetik,BER3
00340434524960857028,Mikito,BER3
00340434524960408626,Mikito,BER3
00340434524960128920,Mikito,BER3
00340434514046721602,Mikito,BER3
00340434514046700744,Mikito,BER3
00340434514046709082,Mikito,BER3
00340434514046393144,Mikito,BER3
00340434519941452972,Mikito,BER3
00340434519941503391,Mikito,BER3
00340434513965053641,Mooniq,BER3
00340434513963870738,Mooniq,BER3
00340434513963728060,Mooniq,BER3
00340434513963688203,Mooniq,BER3
00340434513963693245,Mooniq,BER3
00340434513963687725,Mooniq,BER3
00340434513963687770,Mooniq,BER3
00340434513963693108,Mooniq,BER3
00340434513963687633,Mooniq,BER3
12108901238,Mooniq,BER3
00340434513963675203,Mooniq,BER3
00340434513963675180,Mooniq,BER3
12108914537,Mooniq,BER3
00340434513963675227,Mooniq,BER3
00340434513963675210,Mooniq,BER3
1155068060150,Musharaf Store,BER3
1155068060617,Musharaf Store,BER3
1155068057932,Musharaf Store,BER3
1155068057914,Musharaf Store,BER3
1155068057463,Musharaf Store,BER3
00340434519201076931,Musharaf Store,BER3
12346002870,Musharaf Store,BER3
00340434519201045159,Musharaf Store,BER3
00340434519201045029,Musharaf Store,BER3
1155068056814,Musharaf Store,BER3
00340434519201044794,Musharaf Store,BER3
1155068055399,Musharaf Store,BER3
1155068055412,Musharaf Store,BER3
1155068050547,Musharaf Store,BER3
1155068055432,Musharaf Store,BER3
00340434789711691430,MyClarella,BER3
00340434513965181818,MyClarella,BER3
00340434513965158186,MyClarella,BER3
00340434789711641800,MyClarella,BER3
00340434513965131097,MyClarella,BER3
00340434513965044816,MyClarella,BER3
00340434713741285840,MyClarella,BER3
00340434713741264050,MyClarella,BER3
00340434713741278446,MyClarella,BER3
00340434713741264722,MyClarella,BER3
00340434757703385292,NOUI NOUI,BER3
12107926598,NOUI NOUI,BER3
1155067993845,NOUI NOUI,BER3
1155067990470,NOUI NOUI,BER3
1155067990451,NOUI NOUI,BER3
1155067980163,NOUI NOUI,BER3
1155067980221,NOUI NOUI,BER3
12106850084,NOUI NOUI,BER3
12106550998,NOUI NOUI,BER3
1155068170513,NOUI NOUI,BER3
1155068156595,NOUI NOUI,BER3
12105590859,NOUI NOUI,BER3
1155068160498,NOUI NOUI,BER3
1155068154058,NOUI NOUI,BER3
1155068149445,NOUI NOUI,BER3
00340434757705364158,NYTE,BER3
00340434757704623232,NYTE,BER3
00340434532269052860,Natch,BER3
00340434787771906204,Natch,BER3
00340434532269040997,Natch,BER3
12114613054,Natüür (Azadivine GmbH),BER3
00340435095127154698,Natüür (Azadivine GmbH),BER3
00340434524961220715,Neurobites,BER3
00340434524961156359,Neurobites,BER3
00340434524961125096,Neurobites,BER3
00340434524960957735,Neurobites,BER3
00340434524961118258,Neurobites,BER3
00340434524961035555,Neurobites,BER3
00340434524961208591,Neurobites,BER3
00340434524961212628,Neurobites,BER3
00340434524961216435,Neurobites,BER3
00340434524961202551,Neurobites,BER3
00340434524961208805,Neurobites,BER3
00340434524961203428,Neurobites,BER3
00340434524961208744,Neurobites,BER3
00340434524961168628,Neurobites,BER3
00340434524961154027,Neurobites,BER3
00340434519200500246,Nordlust,BER3
00340433885225227866,Nordmut,BER3
00340433885225228917,Nordmut,BER3
00340433885225244283,Nordmut,BER3
00340433885225229051,Nordmut,BER3
00340433885225228580,Nordmut,BER3
12123150722,Nordmut,BER3
12123153566,Nordmut,BER3
00340433885224765925,Nordmut,BER3
00340433885224854735,Nordmut,BER3
00340433885224862020,Nordmut,BER3
00340433885224709318,Nordmut,BER3
00340433885224704863,Nordmut,BER3
00340434885910787636,Nordmut,BER3
00340433885225123489,Nordmut,BER3
00340433885225123304,Nordmut,BER3
00340434519206399639,Nutrientify,BER3
00340434757705236479,Nutrientify,BER3
00340434519206369588,Nutrientify,BER3
00340434757705218147,Nutrientify,BER3
00340434519205741569,Nutrientify,BER3
00340434519205940191,Nutrientify,BER3
00340434519205968904,Nutrientify,BER3
00340434519205993531,Nutrientify,BER3
00340434519205644266,Nutrientify,BER3
00340434519205669023,Nutrientify,BER3
LE285062352DE,Nutrientify,BER3
00340434519205540995,Nutrientify,BER3
00340434519205278232,Nutrientify,BER3
LE285012784DE,Nutrientify,BER3
00340434519205011051,Nutrientify,BER3
1155067989421,OEM Tec,BER3
00340434732866150314,OEM Tec,BER3
00340434732866149981,OEM Tec,BER3
1155066151345,OEM Tec,BER3
00340434732866149547,OEM Tec,BER3
1155060109390,OEM Tec,BER3
00340434757700836230,OEM Tec,BER3
1155060099636,OEM Tec,BER3
00340434757700903581,OEM Tec,BER3
00340434757700705444,OEM Tec,BER3
00340434757700553175,OEM Tec,BER3
1155060101024,OEM Tec,BER3
00340434757700849933,OEM Tec,BER3
1155060099868,OEM Tec,BER3
00340434757700551959,OEM Tec,BER3
00340434524960951122,ORGNZ,BER3
00340434524961112331,ORGNZ,BER3
00340434757705351257,ORGNZ,BER3
00340434524960949112,ORGNZ,BER3
00340434524960667719,ORGNZ,BER3
00340434524960362454,ORGNZ,BER3
00340434524960140106,ORGNZ,BER3
00340434757704452641,ORGNZ,BER3
00340434757704452191,ORGNZ,BER3
00340434524960221621,ORGNZ,BER3
00340434524960202156,ORGNZ,BER3
00340434524960139469,ORGNZ,BER3
00340434524960022389,ORGNZ,BER3
00340434514046712358,ORGNZ,BER3
00340434757704148384,ORGNZ,BER3
12122494933,Onors,BER3
1155068068997,PLEON,BER3
1155068072251,PLEON,BER3
1155068068913,PLEON,BER3
1155068051995,PLEON,BER3
1155068047170,PLEON,BER3
1155068022609,PLEON,BER3
1155068055386,PLEON,BER3
1155068050204,PLEON,BER3
1155068047141,PLEON,BER3
1155068043645,PLEON,BER3
1155068012773,PLEON,BER3
1155068047183,PLEON,BER3
1155068047134,PLEON,BER3
1155068047095,PLEON,BER3
1155068049162,PLEON,BER3
00340434695214862157,Patronus,BER3
00340434695214856651,Patronus,BER3
00340434695214789768,Patronus,BER3
00340434757703467332,Perform+,BER3
00340434757703373404,Perform+,BER3
00340434757703372612,Perform+,BER3
00340434757701287161,Perform+,BER3
12122839497,Phiala,BER3
12121428144,Phiala,BER3
00340434513965059650,Phiala,BER3
00340434513965208072,Phiala,BER3
00340434513965060793,Phiala,BER3
00340434513965132018,Phiala,BER3
00340434513965132131,Phiala,BER3
12121420730,Phiala,BER3
00340434513965160264,Phiala,BER3
00340434513965184390,Phiala,BER3
00340434513965034626,Phiala,BER3
00340434513965059070,Phiala,BER3
00340434513965058981,Phiala,BER3
00340434513965058318,Phiala,BER3
00340434513965060717,Phiala,BER3
00340434519206214369,Pomelo,BER3
12119756612,Pomelo,BER3
12119721344,Pomelo,BER3
LE285967897DE,Pomelo,BER3
12119725014,Pomelo,BER3
12119720621,Pomelo,BER3
LE285945123DE,Pomelo,BER3
00340434519204986152,Pomelo,BER3
12111020814,Pomelo,BER3
LE285775605DE,Pomelo,BER3
12111018541,Pomelo,BER3
12111015986,Pomelo,BER3
1155079493546,Pomelo,BER3
1155068006392,Pomelo,BER3
12104932397,Pomelo,BER3
00340434519206454932,Power Sprotte,BER3
00340434519206485318,Power Sprotte,BER3
00340434519206423037,Power Sprotte,BER3
00340434519206422801,Power Sprotte,BER3
00340434757705391048,Power Sprotte,BER3
00340434757705407886,Power Sprotte,BER3
00340434519206393989,Power Sprotte,BER3
00340434519206394085,Power Sprotte,BER3
00340434519206386219,Power Sprotte,BER3
00340434757705332812,Power Sprotte,BER3
00340434519206357448,Power Sprotte,BER3
00340434519206319620,Power Sprotte,BER3
00340434519206295672,Power Sprotte,BER3
00340434757705323858,Power Sprotte,BER3
00340434519206237146,Power Sprotte,BER3
00340434519206539400,Purish Marketplaces,BER3
00340434519206481518,Purish Marketplaces,BER3
00340434519206482751,Purish Marketplaces,BER3
00340434519206450224,Purish Marketplaces,BER3
00340434519206494846,Purish Marketplaces,BER3
00340434519206435818,Purish Marketplaces,BER3
00340434519206447583,Purish Marketplaces,BER3
00340434519206426038,Purish Marketplaces,BER3
00340434519206221848,Purish Marketplaces,BER3
00340434519206344400,Purish Marketplaces,BER3
00340434519206316995,Purish Marketplaces,BER3
00340434519206018431,Purish Marketplaces,BER3
00340434519206354270,Purish Marketplaces,BER3
00340434519206232400,Purish Marketplaces,BER3
00340434519206218626,Purish Marketplaces,BER3
12123150621,QuickplaySports DE,BER3
12119730264,QuickplaySports DE,BER3
12119733875,QuickplaySports DE,BER3
12114626581,QuickplaySports DE,BER3
1155068036421,QuickplaySports DE,BER3
1155068148083,QuickplaySports DE,BER3
1155068126373,QuickplaySports DE,BER3
1155068108924,QuickplaySports DE,BER3
12100452486,QuickplaySports DE,BER3
12349531676,QuickplaySports DE,BER3
1155068107481,QuickplaySports DE,BER3
1155068103487,QuickplaySports DE,BER3
1155068096866,QuickplaySports DE,BER3
1155068096186,QuickplaySports DE,BER3
1155068071350,QuickplaySports DE,BER3
LE285878826DE,REPEAT Global,BER3
LE285882352DE,REPEAT Global,BER3
LE285863628DE,REPEAT Global,BER3
LE285873302DE,REPEAT Global,BER3
00340434519200168859,REPEAT Global,BER3
LE285877600DE,REPEAT Global,BER3
LE285873276DE,REPEAT Global,BER3
LE285870561DE,REPEAT Global,BER3
LE285868497DE,REPEAT Global,BER3
LE285868452DE,REPEAT Global,BER3
LE285859331DE,REPEAT Global,BER3
LE285862327DE,REPEAT Global,BER3
LE285836826DE,REPEAT Global,BER3
00340434519200112425,REPEAT Global,BER3
LE285856304DE,REPEAT Global,BER3
12119750997,ROAM,BER3
12119741505,ROAM,BER3
1155079574794,ROAM,BER3
1155068040113,ROAM,BER3
1155068055912,ROAM,BER3
1155068159552,ROAM,BER3
1155068152408,ROAM,BER3
00340434713743653630,Revitalash,BER3
00340434713743641231,Revitalash,BER3
00340434713743628973,Revitalash,BER3
00340434713743628140,Revitalash,BER3
00340434713743502266,Revitalash,BER3
00340434713743484227,Revitalash,BER3
00340434713743240892,Revitalash,BER3
00340434713743102107,Revitalash,BER3
00340434713743097748,Revitalash,BER3
00340434713743086407,Revitalash,BER3
00340434713743097717,Revitalash,BER3
00340434713743087046,Revitalash,BER3
00340434713743045084,Revitalash,BER3
00340434713743044933,Revitalash,BER3
00340434713742967639,Revitalash,BER3
00340434468215110479,Rookie Baby,BER3
00340434468215103204,Rookie Baby,BER3
00340434468215063133,Rookie Baby,BER3
00340434468215113784,Rookie Baby,BER3
00340434468215113142,Rookie Baby,BER3
00340434468215112350,Rookie Baby,BER3
00340434468215112732,Rookie Baby,BER3
00340434468215114675,Rookie Baby,BER3
00340434468215113012,Rookie Baby,BER3
00340434468215112206,Rookie Baby,BER3
4678270262,Rookie Baby,BER3
00340434468215113067,Rookie Baby,BER3
00340434468215113128,Rookie Baby,BER3
00340434468215110851,Rookie Baby,BER3
00340434468215098869,Rookie Baby,BER3
00340434524961054198,SHYNE,BER3
00340434524961159480,SHYNE,BER3
00340434524961110887,SHYNE,BER3
00340434524961074813,SHYNE,BER3
00340434524960766528,SHYNE,BER3
00340434664661769845,SHYNE,BER3
LE289639129DE,SHYNE,BER3
00340434524960698539,SHYNE,BER3
00340434664661770421,SHYNE,BER3
00340434524960693725,SHYNE,BER3
CB459172681DE,SHYNE,BER3
00340434664661769852,SHYNE,BER3
00340434664661766578,SHYNE,BER3
00340434524960632793,SHYNE,BER3
LE289636706DE,SHYNE,BER3
1155068011613,SOYMOMO,BER3
1155068016320,SOYMOMO,BER3
1155060108419,SOYMOMO,BER3
1155067987996,SOYMOMO,BER3
1155068162729,SOYMOMO,BER3
1155068147860,SOYMOMO,BER3
1155066179167,SOYMOMO,BER3
1155066164155,SOYMOMO,BER3
1155068137916,SOYMOMO,BER3
1155060106732,SOYMOMO,BER3
1155068104912,SOYMOMO,BER3
1155068122080,SOYMOMO,BER3
1155068118245,SOYMOMO,BER3
1155068107452,SOYMOMO,BER3
1155068116770,SOYMOMO,BER3
00340434757705308725,Samthus,BER3
00340434757705549562,Samthus,BER3
00340434757705444126,Samthus,BER3
00340434757705115682,Samthus,BER3
00340434757705388857,Samthus,BER3
00340434757705482135,Samthus,BER3
00340434757705339743,Samthus,BER3
00340434757705270763,Samthus,BER3
00340434757705531871,Samthus,BER3
00340434757705301085,Samthus,BER3
00340434757705256347,Samthus,BER3
00340434757705388765,Samthus,BER3
00340434757705308527,Samthus,BER3
00340434757705259072,Samthus,BER3
00340434757705324060,Samthus,BER3
1155068031917,Savana,BER3
1155068133301,Sawyerbikes,BER3
1155068116549,Sawyerbikes,BER3
1155068115955,Sawyerbikes,BER3
1155068124864,Sawyerbikes,BER3
1155068122108,Sawyerbikes,BER3
1155068123364,Sawyerbikes,BER3
1155068117074,Sawyerbikes,BER3
1155068119642,Sawyerbikes,BER3
1155068113665,Sawyerbikes,BER3
1155068099624,Sawyerbikes,BER3
1155068085110,Sawyerbikes,BER3
1155068085111,Sawyerbikes,BER3
1155068095631,Sawyerbikes,BER3
1155068064298,Sawyerbikes,BER3
1155068097582,Sawyerbikes,BER3
00340434524961083693,Shavent,BER3
LF980036765DE,Shavent,BER3
00340434524961024238,Shavent,BER3
00340434524961108792,Shavent,BER3
LE285225285DE,Shavent,BER3
00340434524961179013,Shavent,BER3
LE285240605DE,Shavent,BER3
00340434524961054273,Shavent,BER3
00340434757705393325,Shavent,BER3
LF980020448DE,Shavent,BER3
00340434524961135521,Shavent,BER3
LE285240490DE,Shavent,BER3
00340434524961112546,Shavent,BER3
LE285236535DE,Shavent,BER3
00340434524960687847,Shavent,BER3
12122838364,Skinny Dip,BER3
00340434757705158214,Skinny Dip,BER3
12122838344,Skinny Dip,BER3
00340434757705221079,Skinny Dip,BER3
12122838321,Skinny Dip,BER3
12122836538,Skinny Dip,BER3
00340434757705545830,Skinny Dip,BER3
12122838333,Skinny Dip,BER3
00340434757705166202,Skinny Dip,BER3
00340434757705211322,Skinny Dip,BER3
00340434757705063914,Skinny Dip,BER3
00340434757705048201,Skinny Dip,BER3
00340434757703319938,Skinny Dip,BER3
00340434757703281556,Skinny Dip,BER3
00340434757703283550,Skinny Dip,BER3
12119755653,Soulhouse,BER3
00340434524960594039,Soulhouse,BER3
1155079623247,Soulhouse,BER3
00340434524960501808,Soulhouse,BER3
1155079615994,Soulhouse,BER3
00340434524960342968,Soulhouse,BER3
1155079596166,Soulhouse,BER3
00340434514046657895,Soulhouse,BER3
4010930206,Soulhouse,BER3
1155079576145,Soulhouse,BER3
1155079577556,Soulhouse,BER3
1155079575152,Soulhouse,BER3
00340434524960015121,Soulhouse,BER3
00340434514046739515,Soulhouse,BER3
00340434514046657086,Soulhouse,BER3
00340434757704891150,Spark Up,BER3
00340434757705588516,Supplenatura Rheinland,BER3
00340434524961240539,Supplenatura Rheinland,BER3
00340434524960956684,Supplenatura Rheinland,BER3
00340434524961009495,Supplenatura Rheinland,BER3
00340434524960978877,Supplenatura Rheinland,BER3
00340434524960834258,Supplenatura Rheinland,BER3
00340434524960649661,Supplenatura Rheinland,BER3
00340434524960598068,Supplenatura Rheinland,BER3
00340434524960368326,Supplenatura Rheinland,BER3
00340434524960204396,Supplenatura Rheinland,BER3
00340434514046530105,Supplenatura Rheinland,BER3
00340434757703617454,Supplenatura Rheinland,BER3
00340434519941327140,Supplenatura Rheinland,BER3
00340434757703556203,Supplenatura Rheinland,BER3
00340434514046313340,Supplenatura Rheinland,BER3
00340434524961140914,Swifiss,BER3
00340434757704666475,Swifiss,BER3
00340434514046251864,Swiss Tallow Deutschland GmbH,BER3
00340434757704949172,SwissVitalWorld,BER3
00340434523487161175,This Place,BER3
00340434523487158328,This Place,BER3
00340434523487156669,This Place,BER3
00340434523487156416,This Place,BER3
00340434523487151312,This Place,BER3
00340434523487145847,This Place,BER3
00340434523487149449,This Place,BER3
00340434523487141740,This Place,BER3
00340434523487139280,This Place,BER3
00340434780530129524,This Place,BER3
00340434523487130164,This Place,BER3
00340434523487136326,This Place,BER3
00340434523487125474,This Place,BER3
00340434523487136968,This Place,BER3
00340434523487127065,This Place,BER3
1155068108125,Tontau,BER3
1155068103818,Tontau,BER3
1155068103821,Tontau,BER3
1155068099260,Tontau,BER3
12121428119,Triggerdinger,BER3
12119759444,Triggerdinger,BER3
1155079595746,Triggerdinger,BER3
1155079569216,Triggerdinger,BER3
1155079497907,Triggerdinger,BER3
1155068174616,Triggerdinger,BER3
12123151022,Trunki,BER3
12122494512,Trunki,BER3
12122492130,Trunki,BER3
12121421979,Trunki,BER3
12121421261,Trunki,BER3
12119764158,Trunki,BER3
12119754991,Trunki,BER3
12119755536,Trunki,BER3
12119754385,Trunki,BER3
12119752723,Trunki,BER3
12119751410,Trunki,BER3
12109620635,Trunki,BER3
12114616834,Trunki,BER3
1155079571913,Trunki,BER3
1155079567291,Trunki,BER3
LE285074449DE,VR Cover EU,BER3
1155060072760,VR Cover EU,BER3
LE285074506DE,Vaud,BER3
00340434524960587482,Vaud,BER3
00340434519942058234,Vaud,BER3
1155060081973,Veda Naturals,BER3
1155060082650,Veda Naturals,BER3
1155060081944,Veda Naturals,BER3
LE285851298DE,Veda Naturals,BER3
1155060081156,Veda Naturals,BER3
LE285837217DE,Veda Naturals,BER3
10406314783,Veda Naturals,BER3
1155060067644,Veda Naturals,BER3
1155060076338,Veda Naturals,BER3
1155060075919,Veda Naturals,BER3
1155060075811,Veda Naturals,BER3
1155060075303,Veda Naturals,BER3
1155060074497,Veda Naturals,BER3
1155060075561,Veda Naturals,BER3
1155060073121,Veda Naturals,BER3
00340434757705547292,Venna,BER3
00340434757705549081,Venna,BER3
00340434757705582354,Venna,BER3
00340434757705570528,Venna,BER3
00340434757705448070,Venna,BER3
00340434757705413092,Venna,BER3
00340434757705383746,Venna,BER3
00340434757705412866,Venna,BER3
00340434757705371682,Venna,BER3
00340434757705371071,Venna,BER3
00340434757705384057,Venna,BER3
00340434757705342279,Venna,BER3
00340434757705384101,Venna,BER3
00340434757705342385,Venna,BER3
00340434757705269941,Venna,BER3
00340434519206257489,Ventra,BER3
00340434519206078350,Ventra,BER3
00340434519205420013,Ventra,BER3
00340434519205290791,Ventra,BER3
00340434519205310833,Ventra,BER3
00340434519205116169,Ventra,BER3
00340434519204989726,Ventra,BER3
00340434519204408852,Ventra,BER3
00340434519204310995,Ventra,BER3
00340434519204298347,Ventra,BER3
00340434519203970015,Ventra,BER3
00340434519203801562,Ventra,BER3
00340434519203735263,Ventra,BER3
00340434519203469212,Ventra,BER3
00340434519203444486,Ventra,BER3
00340434519942087470,Vertellis,BER3
1155079496887,Vertellis,BER3
00340434519941756896,Vertellis,BER3
00340434757702508258,ViBo GmbH,BER3
00340434757702442286,ViBo GmbH,BER3
00340434519206237597,Viva Maia,BER3
12122842429,Viva Maia,BER3
12122842662,Viva Maia,BER3
12123149709,Viva Maia,BER3
12122839222,Viva Maia,BER3
00340434519206434989,Viva Maia,BER3
12122835523,Viva Maia,BER3
12122831453,Viva Maia,BER3
12122835659,Viva Maia,BER3
1047980500094450140308,Viva Maia,BER3
12122830960,Viva Maia,BER3
00340434519206394481,Viva Maia,BER3
00340434519205770774,Viva Maia,BER3
12122835527,Viva Maia,BER3
1047980500125150160201,Viva Maia,BER3
00340434519206438499,WWF,BER3
00340434519206385649,WWF,BER3
00340434757705352018,WWF,BER3
00340434519206375046,WWF,BER3
00340434757705292376,WWF,BER3
00340434519206301472,WWF,BER3
00340434519206153903,WWF,BER3
00340434519206210002,WWF,BER3
00340434519206214475,WWF,BER3
00340434519206164176,WWF,BER3
00340434757705123984,WWF,BER3
00340434757705140394,WWF,BER3
00340434519206012682,WWF,BER3
00340434519206053425,WWF,BER3
12119760610,WWF,BER3
12114626950,WarMag,BER3
00340434694980428079,Waschies,BER3
00340434757705450868,Williamify,BER3
12121424992,Williamify,BER3
12121414956,Williamify,BER3
12121418515,Williamify,BER3
12119761377,Williamify,BER3
1044055500882590149705,Williamify,BER3
1155079635929,Williamify,BER3
1155079623164,Williamify,BER3
1155079620970,Williamify,BER3
1155079590091,Williamify,BER3
12112220596,Williamify,BER3
1155079503995,Williamify,BER3
1155079496110,Williamify,BER3
1155079521910,Williamify,BER3
1155068070999,Williamify,BER3
00340434782445266622,Within mood,BER3
00340434782445019266,Within mood,BER3
00340434782445018412,Within mood,BER3
00340434757700713586,Within mood,BER3
00340434782445023195,Within mood,BER3
00340434782445083496,Within mood,BER3
00340434782445044008,Within mood,BER3
00340434782445059828,Within mood,BER3
00340434782445159108,Within mood,BER3
00340434782445095536,Within mood,BER3
00340434782445028619,Within mood,BER3
00340434782445126216,Within mood,BER3
00340434782445043445,Within mood,BER3
00340434782445269760,Within mood,BER3
00340434782445277758,Within mood,BER3
00340434664661520552,Wonderfast,BER3
00340434664661485745,Wonderfast,BER3
00340434757700803232,Wonderfast,BER3
00340434757700808688,Wonderfast,BER3
00340434757700841029,Wonderfast,BER3
00340434757700760986,Wonderfast,BER3
00340434757700722267,Wonderfast,BER3
00340434757700704010,Wonderfast,BER3
00340434757700503392,Wonderfast,BER3
00340434757700524670,Wonderfast,BER3
00340434757700502029,Wonderfast,BER3
00340434757700484882,Wonderfast,BER3
00340434757700398363,Wonderfast,BER3
00340434757700391449,Wonderfast,BER3
12121421565,X6 Innovations SAS,BER3
12122497411,X6 Innovations SAS,BER3
12122842812,X6 Innovations SAS,BER3
12121427228,X6 Innovations SAS,BER3
12123152606,X6 Innovations SAS,BER3
12119760960,X6 Innovations SAS,BER3
12122496228,X6 Innovations SAS,BER3
12121419654,X6 Innovations SAS,BER3
12122841270,X6 Innovations SAS,BER3
12119745597,X6 Innovations SAS,BER3
12122835593,X6 Innovations SAS,BER3
12119741904,X6 Innovations SAS,BER3
12122835304,X6 Innovations SAS,BER3
12121423284,X6 Innovations SAS,BER3
12123149350,X6 Innovations SAS,BER3
00340434757705349612,YY VERTICAL SAS,BER3
00340434757705291225,YY VERTICAL SAS,BER3
00340434524960395414,YY VERTICAL SAS,BER3
00340434524960139100,YY VERTICAL SAS,BER3
00340434757704156792,YY VERTICAL SAS,BER3
00340434524960179212,YY VERTICAL SAS,BER3
00340434757704001993,YY VERTICAL SAS,BER3
00340434514046460112,YY VERTICAL SAS,BER3
00340434514046477127,YY VERTICAL SAS,BER3
00340434757703601965,YY VERTICAL SAS,BER3
00340434716461284339,Yummyeats -Smarter Choices GmbH,BER3
00340434716461258521,Yummyeats -Smarter Choices GmbH,BER3
00340434716461235614,Yummyeats -Smarter Choices GmbH,BER3
00340434716461213407,Yummyeats -Smarter Choices GmbH,BER3
00340434716461250037,Yummyeats -Smarter Choices GmbH,BER3
00340434716461233214,Yummyeats -Smarter Choices GmbH,BER3
00340434716461245163,Yummyeats -Smarter Choices GmbH,BER3
00340434716461243381,Yummyeats -Smarter Choices GmbH,BER3
00340434716461228296,Yummyeats -Smarter Choices GmbH,BER3
00340434716461190715,Yummyeats -Smarter Choices GmbH,BER3
00340434716461235096,Yummyeats -Smarter Choices GmbH,BER3
00340434716461235805,Yummyeats -Smarter Choices GmbH,BER3
00340434716461206652,Yummyeats -Smarter Choices GmbH,BER3
00340434716461222676,Yummyeats -Smarter Choices GmbH,BER3
00340434716461223307,Yummyeats -Smarter Choices GmbH,BER3
00340434757704995711,biogrine,BER3
00340434757703342622,biogrine,BER3
00340434757702820817,biogrine,BER3
LE285772255DE,calm-don,BER3
00340434727062380290,ela mo,BER3
00340434727062375029,ela mo,BER3
00340434727062383833,ela mo,BER3
00340434727062380283,ela mo,BER3
00340434727062374732,ela mo,BER3
00340434727062378518,ela mo,BER3
00340434727062376774,ela mo,BER3
00340434727062370031,ela mo,BER3
00340434727062369400,ela mo,BER3
00340434727062375777,ela mo,BER3
00340434727062374404,ela mo,BER3
00340434727062375845,ela mo,BER3
00340434727062374121,ela mo,BER3
00340434727062377986,ela mo,BER3
00340434727062377047,ela mo,BER3
00340434519941276981,felmo gmbh,BER3
00340434519941327485,felmo gmbh,BER3
1155068139896,felmo gmbh,BER3
00340434519941251872,felmo gmbh,BER3
00340434519941181650,felmo gmbh,BER3
00340434519941238606,felmo gmbh,BER3
00340434519941199099,felmo gmbh,BER3
00340434519941242023,felmo gmbh,BER3
00340434519941185498,felmo gmbh,BER3
1155068145157,felmo gmbh,BER3
00340434519941126576,felmo gmbh,BER3
1155068149314,felmo gmbh,BER3
1155068147252,felmo gmbh,BER3
1155068144297,felmo gmbh,BER3
1155068142823,felmo gmbh,BER3
00340435060913231426,halm-club,BER3
00340435060913230399,halm-club,BER3
00340435060913230184,halm-club,BER3
00340435060913165233,halm-club,BER3
00340435060913202976,halm-club,BER3
00340435060913214399,halm-club,BER3
00340435060913217826,halm-club,BER3
00340435060913215044,halm-club,BER3
00340435060913203775,halm-club,BER3
00340435060913214665,halm-club,BER3
00340435060913214429,halm-club,BER3
00340435060913167534,halm-club,BER3
00340435060913187426,halm-club,BER3
00340435060913208121,halm-club,BER3
00340435060913203348,halm-club,BER3
LE285085058DE,hörtm,BER3
LE285945239DE,hörtm,BER3
LE285945242DE,hörtm,BER3
LE285945066DE,hörtm,BER3
LE285945273DE,hörtm,BER3
00340434519200397884,hörtm,BER3
00340434519200397549,hörtm,BER3
00340434519200398065,hörtm,BER3
LE285945295DE,hörtm,BER3
00340434757705549449,maxsquare GmbH,BER3
12122841046,maxsquare GmbH,BER3
00340434757705198418,maxsquare GmbH,BER3
00340434757705600379,maxsquare GmbH,BER3
00340434757705371576,maxsquare GmbH,BER3
00340434757705256088,maxsquare GmbH,BER3
00340434757705383975,maxsquare GmbH,BER3
00340434757705299276,maxsquare GmbH,BER3
00340434757705324558,maxsquare GmbH,BER3
00340434757705326606,maxsquare GmbH,BER3
00340434757705270008,maxsquare GmbH,BER3
12122496917,maxsquare GmbH,BER3
00340434757705284487,maxsquare GmbH,BER3
12122497036,maxsquare GmbH,BER3
00340434757705284951,maxsquare GmbH,BER3
LE285910019DE,objective nutrition,BER3
LE285600975DE,objective nutrition,BER3
LE285598976DE,objective nutrition,BER3
4021212134,objective nutrition,BER3
2270020104,objective nutrition,BER3
UF705000253DE,reeleef,BER3
12341524544,souleway,BER3
1044055500454130110607,souleway,BER3
00340434636351210166,souleway,BER3
1044055500454480123531,souleway,BER3
00340434636351207791,souleway,BER3
00340434636351207777,souleway,BER3
12341445107,souleway,BER3
00340434636351209979,souleway,BER3
00340434636351208828,souleway,BER3
00340434636351210234,souleway,BER3
00340434636351209559,souleway,BER3
00340434636351207470,souleway,BER3
12341300676,souleway,BER3
00340434636351207548,souleway,BER3
00340434514577954364,souleway,BER3
00340434519941167869,sun matters,BER3
00340434297286597793,terra peak,BER3
00340433921390237016,thebettercat,BER3
00340433921390199697,thebettercat,BER3
00340433921390206876,thebettercat,BER3
00340433921390244434,thebettercat,BER3
00340433921390232110,thebettercat,BER3
00340433921390239515,thebettercat,BER3
00340433921390174489,thebettercat,BER3
00340433921390195996,thebettercat,BER3
00340433921390211139,thebettercat,BER3
00340433921390217452,thebettercat,BER3
00340433921390158625,thebettercat,BER3
00340433921390235791,thebettercat,BER3
00340433921390193190,thebettercat,BER3
00340433921390195590,thebettercat,BER3
00340433921390232257,thebettercat,BER3
1155068010170,tropical superfoods,BER3
00340434524960723316,wonderhealth.de,BER3
00340434524960645021,wonderhealth.de,BER3
00340434514046583484,wonderhealth.de,BER3
00340434532054429082,BANANA BEAUTY,POZ1
12120113828,BANANA BEAUTY,POZ1
12120106543,BANANA BEAUTY,POZ1
00340434532054422540,BANANA BEAUTY,POZ1
00340434532054409053,BANANA BEAUTY,POZ1
00340434532054413210,BANANA BEAUTY,POZ1
00340434532054412220,BANANA BEAUTY,POZ1
00340434532054410134,BANANA BEAUTY,POZ1
12120106641,BANANA BEAUTY,POZ1
12120106570,BANANA BEAUTY,POZ1
00340434532054409886,BANANA BEAUTY,POZ1
00340434532054410578,BANANA BEAUTY,POZ1
00340434532054412381,BANANA BEAUTY,POZ1
00340434532054404317,BANANA BEAUTY,POZ1
00340434775742120865,BANANA BEAUTY,POZ1
00340434519205652520,Edubini,POZ1
00340434519204635630,Edubini,POZ1
00340434519204692985,Edubini,POZ1
00340434519205661713,Edubini,POZ1
1155069051738,Edubini,POZ1
00340434519204740648,Edubini,POZ1
00340434519204032361,Edubini,POZ1
00340434519203471345,Edubini,POZ1
00340434519205613163,Edubini,POZ1
00340434519204129566,Edubini,POZ1
00340434519205497992,Edubini,POZ1
00340434519204509016,Edubini,POZ1
00340434519205565974,Edubini,POZ1
00340434519205524094,Edubini,POZ1
00340434519204881587,Edubini,POZ1
9L36759920740,HOLY Softdrinks GmbH,POZ1
00340433885224473615,HOLY Softdrinks GmbH,POZ1
9L36755862211,HOLY Softdrinks GmbH,POZ1
00340433885224630391,HOLY Softdrinks GmbH,POZ1
00340433885224434517,HOLY Softdrinks GmbH,POZ1
9L36660433667,HOLY Softdrinks GmbH,POZ1
9L36759951423,HOLY Softdrinks GmbH,POZ1
00340433885224528728,HOLY Softdrinks GmbH,POZ1
00340433885223218057,HOLY Softdrinks GmbH,POZ1
00340433885224194145,HOLY Softdrinks GmbH,POZ1
00340433885224779946,HOLY Softdrinks GmbH,POZ1
12122460863,HOLY Softdrinks GmbH,POZ1
00340433885224101969,HOLY Softdrinks GmbH,POZ1
9L36630386320,HOLY Softdrinks GmbH,POZ1
9L36766892023,HOLY Softdrinks GmbH,POZ1
00340434789710213589,Health Bar,POZ1
00340434789710232931,Health Bar,POZ1
00340434789710226619,Health Bar,POZ1
00340434789710204440,Health Bar,POZ1
00340434789710228309,Health Bar,POZ1
00340434789710221430,Health Bar,POZ1
00340434789710182892,Health Bar,POZ1
00340434789710199111,Health Bar,POZ1
00340434789710129699,Health Bar,POZ1
00340434789710108335,Health Bar,POZ1
00340434789710080051,Health Bar,POZ1
00340434789710093136,Health Bar,POZ1
00340434789710007867,Health Bar,POZ1
00340434789710010782,Health Bar,POZ1
00340434633515746981,Health Bar,POZ1
00340434775740411378,HelloBody,POZ1
00340434775740444475,HelloBody,POZ1
00340434775740439471,HelloBody,POZ1
00340434775740441382,HelloBody,POZ1
00340434775740441108,HelloBody,POZ1
00340434775740408781,HelloBody,POZ1
00340434775740435251,HelloBody,POZ1
00340434775740410128,HelloBody,POZ1
00340434775740408132,HelloBody,POZ1
00340434775740425801,HelloBody,POZ1
12120106668,HelloBody,POZ1
00340434775740410623,HelloBody,POZ1
00340434775740427133,HelloBody,POZ1
00340434775740428581,HelloBody,POZ1
00340434775740403977,HelloBody,POZ1
00340434880340419034,Ipanema Beauty,POZ1
1155069050692,Ipanema Beauty,POZ1
00340434880340416217,Ipanema Beauty,POZ1
00340434880340419546,Ipanema Beauty,POZ1
00340433883036248728,Ipanema Beauty,POZ1
00340434880340410994,Ipanema Beauty,POZ1
1155069048892,Ipanema Beauty,POZ1
1155069050891,Ipanema Beauty,POZ1
00340433883036239689,Ipanema Beauty,POZ1
12120104309,Ipanema Beauty,POZ1
00340433883036231997,Ipanema Beauty,POZ1
1155069048277,Ipanema Beauty,POZ1
1155069048275,Ipanema Beauty,POZ1
00340433883036231072,Ipanema Beauty,POZ1
00340434880340415326,Ipanema Beauty,POZ1
00340434789711513923,Jacks Beauty Line,POZ1
00340434789711513961,Jacks Beauty Line,POZ1
00340434789711509902,Jacks Beauty Line,POZ1
00340434789711480379,Jacks Beauty Line,POZ1
00340434789711499692,Jacks Beauty Line,POZ1
00340434519205319454,Jacks Beauty Line,POZ1
00340434519205367974,Jacks Beauty Line,POZ1
00340434519205368186,Jacks Beauty Line,POZ1
00340434789711513862,Jacks Beauty Line,POZ1
00340434789711513879,Jacks Beauty Line,POZ1
00340434519205317375,Jacks Beauty Line,POZ1
00340434519205365215,Jacks Beauty Line,POZ1
00340434789711513541,Jacks Beauty Line,POZ1
00340434789711511851,Jacks Beauty Line,POZ1
00340434519205368353,Jacks Beauty Line,POZ1
00340434518166066308,Kerbholz,POZ1
00340434757381046980,Kerbholz,POZ1
00340434518166026869,Kerbholz,POZ1
00340434757381038824,Kerbholz,POZ1
LE709005415DE,Kerbholz,POZ1
00340434518166061136,Kerbholz,POZ1
00340434518166043446,Kerbholz,POZ1
00340434757381044177,Kerbholz,POZ1
00340434518166025251,Kerbholz,POZ1
LE709003290DE,Kerbholz,POZ1
00340434518166059737,Kerbholz,POZ1
00340434518166063260,Kerbholz,POZ1
00340434757381046331,Kerbholz,POZ1
00340434518166065172,Kerbholz,POZ1
00340434518166065127,Kerbholz,POZ1
00340434880334114709,Kess Berlin,POZ1
00340434880334113856,Kess Berlin,POZ1
00340434880334113382,Kess Berlin,POZ1
00340434880334114037,Kess Berlin,POZ1
00340434880334114549,Kess Berlin,POZ1
00340434880334109286,Kess Berlin,POZ1
00340434880334113535,Kess Berlin,POZ1
00340434880334114310,Kess Berlin,POZ1
00340434880334107602,Kess Berlin,POZ1
00340434880334110473,Kess Berlin,POZ1
00340434880334110121,Kess Berlin,POZ1
00340434880334110558,Kess Berlin,POZ1
00340434880334112361,Kess Berlin,POZ1
00340434880334110428,Kess Berlin,POZ1
00340434880334109552,Kess Berlin,POZ1
1155059560022,Kushel,POZ1
00340434757701078547,Kushel,POZ1
00340434514078561009,Kushel,POZ1
00340434757701076802,Kushel,POZ1
00340434757701076505,Kushel,POZ1
00340434720155464655,Kushel,POZ1
00340434514078560958,Kushel,POZ1
00340434720155463252,Kushel,POZ1
00340434757701076475,Kushel,POZ1
00340434720155463306,Kushel,POZ1
00340434757701068951,Kushel,POZ1
00340434775743019427,Mermaid+Me,POZ1
00340434775743017591,Mermaid+Me,POZ1
00340434775743015481,Mermaid+Me,POZ1
00340434775743013029,Mermaid+Me,POZ1
10407742333,Mermaid+Me,POZ1
10407171938,Mermaid+Me,POZ1
10407085294,Mermaid+Me,POZ1
10407130904,Mermaid+Me,POZ1
10407171284,Mermaid+Me,POZ1
10407069842,Mermaid+Me,POZ1
10407130297,Mermaid+Me,POZ1
10406744163,Mermaid+Me,POZ1
00340434775743006199,Mermaid+Me,POZ1
00340434776019330987,My Rapunzel,POZ1
00340434776019364180,My Rapunzel,POZ1
00340434776019364227,My Rapunzel,POZ1
00340434776019361554,My Rapunzel,POZ1
00340434776019360557,My Rapunzel,POZ1
00340434776019333407,My Rapunzel,POZ1
00340434776019339942,My Rapunzel,POZ1
00340434776019348067,My Rapunzel,POZ1
00340434776019170415,My Rapunzel,POZ1
00340434776019344434,My Rapunzel,POZ1
00340434776019347817,My Rapunzel,POZ1
00340434776019345608,My Rapunzel,POZ1
00340434776019343116,My Rapunzel,POZ1
00340434776019339256,My Rapunzel,POZ1
00340434776019333179,My Rapunzel,POZ1
12347294528,Natural Mojo,POZ1
00340433885224783608,Nordmut,POZ1
00340434885910659872,Nordmut,POZ1
00340433885223362668,Nordmut,POZ1
00340434885910623385,Nordmut,POZ1
00340434885910481879,Nordmut,POZ1
00340433885222767648,Nordmut,POZ1
00340434885910498143,Nordmut,POZ1
00340434885910172159,Nordmut,POZ1
00340433885221759842,Nordmut,POZ1
00340433885221637171,Nordmut,POZ1
00340434885910288546,Nordmut,POZ1
00340433885220908166,Nordmut,POZ1
00340433885220705840,Nordmut,POZ1
1155069050969,Nordmut,POZ1
1155069048787,Nordmut,POZ1
12121470681,Onlyfresh,POZ1
12120102623,Onlyfresh,POZ1
12121991089,Onlyfresh,POZ1
12121982644,Onlyfresh,POZ1
12120117599,Onlyfresh,POZ1
12120113240,Onlyfresh,POZ1
12120102259,Onlyfresh,POZ1
12115344338,Onlyfresh,POZ1
12115363603,Onlyfresh,POZ1
12115340406,Onlyfresh,POZ1
12115354559,Onlyfresh,POZ1
12115333707,Onlyfresh,POZ1
12112164423,Onlyfresh,POZ1
YVMG28ME,Onlyfresh,POZ1
YVMG2A2P,Onlyfresh,POZ1
00340435093266356423,Remi Health GmbH,POZ1
00340434713743518038,Rosental Organics,POZ1
00340434713743414224,Rosental Organics,POZ1
00340434713743096178,Rosental Organics,POZ1
1155068977694,Rosental Organics,POZ1
LE285124176DE,Rosental Organics,POZ1
00340434713743427712,Rosental Organics,POZ1
00340434713743050293,Rosental Organics,POZ1
00340434713743268865,Rosental Organics,POZ1
00340434713743363249,Rosental Organics,POZ1
00340434713743405871,Rosental Organics,POZ1
00340434713743044773,Rosental Organics,POZ1
12120116460,Rosental Organics,POZ1
00340434713743417485,Rosental Organics,POZ1
00340434713743524619,Rosental Organics,POZ1
00340434713743330746,Rosental Organics,POZ1
00340435073420456329,SHEKO,POZ1
00340435073420395956,SHEKO,POZ1
00340435073420706479,SHEKO,POZ1
CA728128607DE,SHEKO,POZ1
CA728125733DE,SHEKO,POZ1
CA728145976DE,SHEKO,POZ1
00340435073420745867,SHEKO,POZ1
00340435073420724299,SHEKO,POZ1
CA728092465DE,SHEKO,POZ1
00340435073420434679,SHEKO,POZ1
00340435073420368134,SHEKO,POZ1
00340435073420341113,SHEKO,POZ1
00340435073420088834,SHEKO,POZ1
00340435073420051241,SHEKO,POZ1
00340435073420130182,SHEKO,POZ1
00340435069258094864,Salted GmbH,POZ1
00340435069258101500,Salted GmbH,POZ1
00340435069258098763,Salted GmbH,POZ1
00340435069258145061,Salted GmbH,POZ1
00340435069258091757,Salted GmbH,POZ1
00340435069258136441,Salted GmbH,POZ1
00340435069258141704,Salted GmbH,POZ1
00340434885910025578,Salted GmbH,POZ1
00340435069258145122,Salted GmbH,POZ1
00340435069258144187,Salted GmbH,POZ1
00340435069258141537,Salted GmbH,POZ1
00340434885910079830,Salted GmbH,POZ1
00340435069258108271,Salted GmbH,POZ1
00340435069258131354,Salted GmbH,POZ1
00340435069258020160,Salted GmbH,POZ1
00340434883770022454,Seranova Beauty,POZ1
00340433885205944448,Serotalin,POZ1
LF632374867DE,Sophie Rosenburg,POZ1
LF632407962DE,Sophie Rosenburg,POZ1
00340434532055245797,Sophie Rosenburg,POZ1
00340434532055246701,Sophie Rosenburg,POZ1
00340434532055227625,Sophie Rosenburg,POZ1
00340434532055244844,Sophie Rosenburg,POZ1
00340434532055245827,Sophie Rosenburg,POZ1
00340434532055233046,Sophie Rosenburg,POZ1
00340434532055242222,Sophie Rosenburg,POZ1
00340434532055200864,Sophie Rosenburg,POZ1
00340434532055216759,Sophie Rosenburg,POZ1
00340434532055240426,Sophie Rosenburg,POZ1
00340434532055229964,Sophie Rosenburg,POZ1
00340434532055241010,Sophie Rosenburg,POZ1
00340434532055243861,Sophie Rosenburg,POZ1
00340433885219165822,Spillfabrikken,POZ1
12120101204,Spillfabrikken,POZ1
12120101199,Spillfabrikken,POZ1
12112167674,Spillfabrikken,POZ1
12115368298,Spillfabrikken,POZ1
12112165398,Spillfabrikken,POZ1
12115339500,Spillfabrikken,POZ1
12115345584,Spillfabrikken,POZ1
12115364834,Spillfabrikken,POZ1
12115347308,Spillfabrikken,POZ1
12115352634,Spillfabrikken,POZ1
12115350580,Spillfabrikken,POZ1
12115362510,Spillfabrikken,POZ1
12115353207,Spillfabrikken,POZ1
12115352961,Spillfabrikken,POZ1
00340434513964850685,SportsAffinity / Lunatura,POZ1
00340434513964850654,SportsAffinity / Lunatura,POZ1
00340434513964850616,SportsAffinity / Lunatura,POZ1
00340434513964838768,SportsAffinity / Lunatura,POZ1
00340434513964838775,SportsAffinity / Lunatura,POZ1
00340434513964828165,SportsAffinity / Lunatura,POZ1
00340434513964828172,SportsAffinity / Lunatura,POZ1
00340434513964824150,SportsAffinity / Lunatura,POZ1
00340434513964810726,SportsAffinity / Lunatura,POZ1
00340434513964804534,SportsAffinity / Lunatura,POZ1
00340434513964804589,SportsAffinity / Lunatura,POZ1
00340434513964804527,SportsAffinity / Lunatura,POZ1
00340434513964804466,SportsAffinity / Lunatura,POZ1
00340434513964797270,SportsAffinity / Lunatura,POZ1
00340434513964798765,SportsAffinity / Lunatura,POZ1
00340433924700221712,Tallow,POZ1
00340433924700189180,Tallow,POZ1
00340433924700157790,Tallow,POZ1
00340433924700198151,Tallow,POZ1
00340433924700221682,Tallow,POZ1
00340433924700213168,Tallow,POZ1
00340433924700003080,Tallow,POZ1
00340433924700120022,Tallow,POZ1
00340433924700064593,Tallow,POZ1
00340433924700041259,Tallow,POZ1
00340434779587146431,Tallow,POZ1
00340433924700145452,Tallow,POZ1
00340433924700126673,Tallow,POZ1
00340434883990009211,Tallow,POZ1
00340433924700116445,Tallow,POZ1
00340435088076503112,Tandm,POZ1
00340434658805111188,Tandm,POZ1
00340435088076497527,Tandm,POZ1
00340434658805107709,Tandm,POZ1
CA185186592DE,Tandm,POZ1
CA185187200DE,Tandm,POZ1
00340435088076492683,Tandm,POZ1
00340435088076490221,Tandm,POZ1
00340435088076487993,Tandm,POZ1
CA185183123DE,Tandm,POZ1
00340435088076481847,Tandm,POZ1
00340435088076478632,Tandm,POZ1
CA185181842DE,Tandm,POZ1
00340435088076476300,Tandm,POZ1
CA185181808DE,Tandm,POZ1
12122459100,Uclips,POZ1
12122459302,Uclips,POZ1
12120095066,Uclips,POZ1
1155068989285,Uclips,POZ1
12108077530,Uclips,POZ1
1155068982028,Uclips,POZ1
1155068978170,Uclips,POZ1
1155068972847,Uclips,POZ1
12106816649,Uclips,POZ1
12104061947,Uclips,POZ1
1155068957757,Uclips,POZ1
12103224497,Uclips,POZ1
1155068942661,Uclips,POZ1
1155068942397,Uclips,POZ1
12102487889,Uclips,POZ1
UF459105713DE,Vertellis,POZ1
1155069045276,Vertellis,POZ1
604175746515521015415787,Vertellis,POZ1
00340434524440203482,Vertellis,POZ1
00340434524440265732,Vertellis,POZ1
00340434524440231881,Vertellis,POZ1
604175366505500018727875,Vertellis,POZ1
00340434524440203475,Vertellis,POZ1
1155069032584,Vertellis,POZ1
520000016902661122723948,Vertellis,POZ1
00340434782445226527,Within mood,POZ1
00340434782445265694,Within mood,POZ1
00340434782445266912,Within mood,POZ1
00340434782445254315,Within mood,POZ1
00340434782445271381,Within mood,POZ1
00340434782445256128,Within mood,POZ1
00340434782445263539,Within mood,POZ1
00340434782445265748,Within mood,POZ1
00340434782445259044,Within mood,POZ1
00340434782445035310,Within mood,POZ1
00340434782445251178,Within mood,POZ1
00340434782445110390,Within mood,POZ1
00340434782445269333,Within mood,POZ1
00340434782445261757,Within mood,POZ1
00340434782445249588,Within mood,POZ1
00340434524440086061,Wondersmile GmbH,POZ1
00340434524440174416,Wondersmile GmbH,POZ1
00340434524440060030,Wondersmile GmbH,POZ1
00340433885213670582,Wondersmile GmbH,POZ1
00340434524440059430,Wondersmile GmbH,POZ1
00340434524440059737,Wondersmile GmbH,POZ1
00340434524440059775,Wondersmile GmbH,POZ1
00340434524440060030,Wondersmile GmbH,POZ1
00340434524440022137,Wondersmile GmbH,POZ1
00340434524440022342,Wondersmile GmbH,POZ1
00340434519942508678,felmo gmbh,POZ1
00340434519942514754,felmo gmbh,POZ1
00340434757705603783,felmo gmbh,POZ1
00340434519942441159,felmo gmbh,POZ1
00340434519942432027,felmo gmbh,POZ1
00340434519942278434,felmo gmbh,POZ1
00340434757705185159,felmo gmbh,POZ1
00340434519942354749,felmo gmbh,POZ1
00340434519942335144,felmo gmbh,POZ1
00340434519942355630,felmo gmbh,POZ1
00340434757705278370,felmo gmbh,POZ1
00340434519942315238,felmo gmbh,POZ1
00340434757705212664,felmo gmbh,POZ1
00340434519942217822,felmo gmbh,POZ1
00340434519942135935,felmo gmbh,POZ1
00340434757381043323,happyglam (OLD),POZ1
00340434518166028979,happyglam (OLD),POZ1
12122468230,litelok,POZ1
12123020371,litelok,POZ1
12123020053,litelok,POZ1
00340433885224750983,litelok,POZ1
12103023767,litelok,POZ1
12121470636,litelok,POZ1
12121984369,litelok,POZ1
12121471613,litelok,POZ1
12100625128,litelok,POZ1
12120117679,litelok,POZ1
1155069045535,litelok,POZ1
1155069050555,litelok,POZ1
12112164962,litelok,POZ1
1155069050641,litelok,POZ1
CB458946751DE,litelok,POZ1
00340433888371054355,mybacs,POZ1
00340434519942145996,mybacs,POZ1
00340433888371423854,mybacs,POZ1
00340433888371243070,mybacs,POZ1
00340433888371447362,mybacs,POZ1
00340433888371479141,mybacs,POZ1
00340434519942146870,mybacs,POZ1
00340434519942186487,mybacs,POZ1
00340434519942183851,mybacs,POZ1
00340434519942181710,mybacs,POZ1
00340433888371354455,mybacs,POZ1
00340433888371492461,mybacs,POZ1
CB185281845DE,mybacs,POZ1
00340433888371552301,mybacs,POZ1
12120118192,mybacs,POZ1
00340434524440490622,teethlovers,POZ1
00340434524440158249,teethlovers,POZ1
00340434797070121307,teethlovers,POZ1
00340434524440257379,teethlovers,POZ1
00340434524440158508,teethlovers,POZ1
00340434797070112176,teethlovers,POZ1
00340434524440010455,teethlovers,POZ1
00340434524440043460,teethlovers,POZ1
12109835716,teethlovers,POZ1
00340434797070100210,teethlovers,POZ1
00340434797070098951,teethlovers,POZ1
00340434797070098630,teethlovers,POZ1
00340434514078241031,teethlovers,POZ1
00340434514078060359,teethlovers,POZ1
00340434797070096940,teethlovers,POZ1
UF861511795DE,vetevo GmbH,POZ1
UF861511818DE,vetevo GmbH,POZ1
00340434668102011388,vetevo GmbH,POZ1
00340433885224803313,Blue Farm,POZ2
00340433885224670809,Blue Farm,POZ2
00340433885223795770,Blue Farm,POZ2
00340433885223749995,Blue Farm,POZ2
00340433885222756345,Blue Farm,POZ2
00340433885222344221,Blue Farm,POZ2
00340434519206469288,Edubini,POZ2
00340434519206291094,Edubini,POZ2
12122465267,Edubini,POZ2
12122455005,Edubini,POZ2
12123016984,Edubini,POZ2
12123020208,Edubini,POZ2
00340434888640018155,Edubini,POZ2
00340434888640016434,Edubini,POZ2
12123019193,Edubini,POZ2
00340434519206466010,Edubini,POZ2
12122461028,Edubini,POZ2
00340434888640002451,Edubini,POZ2
00340434888640000099,Edubini,POZ2
00340434519206428766,Edubini,POZ2
00340434888640007487,Edubini,POZ2
00340433883036595907,Ipanema Beauty,POZ2
00340433883036556168,Ipanema Beauty,POZ2
00340433883036698455,Ipanema Beauty,POZ2
00340433883036720828,Ipanema Beauty,POZ2
00340433883036605859,Ipanema Beauty,POZ2
00340433883036372782,Ipanema Beauty,POZ2
00340433883036636839,Ipanema Beauty,POZ2
00340433883036389254,Ipanema Beauty,POZ2
00340433883036484843,Ipanema Beauty,POZ2
00340433883036715381,Ipanema Beauty,POZ2
6215295541224,Ipanema Beauty,POZ2
00340433883036517459,Ipanema Beauty,POZ2
00340433883036351695,Ipanema Beauty,POZ2
00340433883036387588,Ipanema Beauty,POZ2
00340433883036508686,Ipanema Beauty,POZ2
00340434519206524536,Jacks Beauty Line,POZ2
00340434519206516944,Jacks Beauty Line,POZ2
00340434789711790492,Jacks Beauty Line,POZ2
00340434789711759932,Jacks Beauty Line,POZ2
00340434789711751868,Jacks Beauty Line,POZ2
00340434519206471014,Jacks Beauty Line,POZ2
00340434789711767692,Jacks Beauty Line,POZ2
00340434519206502268,Jacks Beauty Line,POZ2
00340434789711767661,Jacks Beauty Line,POZ2
00340434789711758157,Jacks Beauty Line,POZ2
00340434789711752988,Jacks Beauty Line,POZ2
00340434789711728600,Jacks Beauty Line,POZ2
00340434789711754739,Jacks Beauty Line,POZ2
00340434519206454697,Jacks Beauty Line,POZ2
00340434789711766343,Jacks Beauty Line,POZ2
00340434519984552899,Kess Berlin,POZ2
00340434519983743847,Kess Berlin,POZ2
00340434885910457898,Moya Europe,POZ2
00340433885221908653,Moya Europe,POZ2
00340434776019383389,My Rapunzel,POZ2
00340434776019378231,My Rapunzel,POZ2
00340434776019378576,My Rapunzel,POZ2
00340434776019379320,My Rapunzel,POZ2
00340434776019380371,My Rapunzel,POZ2
00340434776019377920,My Rapunzel,POZ2
00340434776019375759,My Rapunzel,POZ2
00340434776019369062,My Rapunzel,POZ2
00340434776019370433,My Rapunzel,POZ2
00340434776019367860,My Rapunzel,POZ2
00340434776019369994,My Rapunzel,POZ2
00340434776019366245,My Rapunzel,POZ2
00340434713743654217,Rosental Organics,POZ2
1047980500182970180109,Rosental Organics,POZ2
00340434513965469688,Rosental Organics,POZ2
00340434513965406232,Rosental Organics,POZ2
00340434513965475108,Rosental Organics,POZ2
12122465750,Rosental Organics,POZ2
00340434513965400254,Rosental Organics,POZ2
00340434513965347429,Rosental Organics,POZ2
00340434713743655894,Rosental Organics,POZ2
00340434713743656785,Rosental Organics,POZ2
00340434513965480317,Rosental Organics,POZ2
00340434713743659571,Rosental Organics,POZ2
00340434713743649664,Rosental Organics,POZ2
00340434513965409660,Rosental Organics,POZ2
1047980500201890195427,Rosental Organics,POZ2
12122463731,SAMPHIRE NEURO,POZ2
12120119392,SAMPHIRE NEURO,POZ2
12121985118,SAMPHIRE NEURO,POZ2
12120108619,SAMPHIRE NEURO,POZ2
12120105893,SAMPHIRE NEURO,POZ2
00340434885910134430,SAMPHIRE NEURO,POZ2
12120117716,SAMPHIRE NEURO,POZ2
12120103919,SAMPHIRE NEURO,POZ2
00340435073422407275,SHEKO,POZ2
CA728305633DE,SHEKO,POZ2
00340435073422387966,SHEKO,POZ2
00340435073422351004,SHEKO,POZ2
00340435073422356283,SHEKO,POZ2
00340435073422270411,SHEKO,POZ2
00340435073422259065,SHEKO,POZ2
CA728257751DE,SHEKO,POZ2
00340435073422296442,SHEKO,POZ2
CA728284139DE,SHEKO,POZ2
00340435073422298996,SHEKO,POZ2
CA728286948DE,SHEKO,POZ2
00340435073422289765,SHEKO,POZ2
00340435073422105416,SHEKO,POZ2
00340435073422255005,SHEKO,POZ2
00340435069258188297,Salted GmbH,POZ2
00340435069258188396,Salted GmbH,POZ2
00340435069258172678,Salted GmbH,POZ2
6215295548585,Salted GmbH,POZ2
12123017775,Salted GmbH,POZ2
00340435069258187528,Salted GmbH,POZ2
00340434885910279087,Salted GmbH,POZ2
00340434885910631205,Salted GmbH,POZ2
00340435069258184695,Salted GmbH,POZ2
00340434885910498648,Salted GmbH,POZ2
00340434885910410268,Salted GmbH,POZ2
00340435069258183919,Salted GmbH,POZ2
00340434885910334700,Salted GmbH,POZ2
00340434885910694477,Salted GmbH,POZ2
6215295543001,Salted GmbH,POZ2
LF632455747DE,Sophie Rosenburg,POZ2
00340434532055272458,Sophie Rosenburg,POZ2
00340434532055267195,Sophie Rosenburg,POZ2
00340434532055272359,Sophie Rosenburg,POZ2
00340434532055267140,Sophie Rosenburg,POZ2
00340434532055273141,Sophie Rosenburg,POZ2
00340434532055270218,Sophie Rosenburg,POZ2
00340434532055265573,Sophie Rosenburg,POZ2
00340434532055260738,Sophie Rosenburg,POZ2
00340434532055268048,Sophie Rosenburg,POZ2
00340434532055266990,Sophie Rosenburg,POZ2
00340434532055272175,Sophie Rosenburg,POZ2
00340434532055271826,Sophie Rosenburg,POZ2
00340434532055266976,Sophie Rosenburg,POZ2
00340434532055259381,Sophie Rosenburg,POZ2
12122465624,Spillfabrikken,POZ2
12122458829,Spillfabrikken,POZ2
12121990374,Spillfabrikken,POZ2
12121990427,Spillfabrikken,POZ2
12120116918,Spillfabrikken,POZ2
12120116924,Spillfabrikken,POZ2
12120109932,Spillfabrikken,POZ2
00340435088076516907,Tandm,POZ2
00340435088076516075,Tandm,POZ2
00340434658805113472,Tandm,POZ2
00340435088076513050,Tandm,POZ2
12121981274,Vertellis,POZ2
00340434885910254602,Vertellis,POZ2
00340434885910727502,Victorioso Nutrition GmbH,POZ2
00340434885910729568,Victorioso Nutrition GmbH,POZ2
00340434885910726116,Victorioso Nutrition GmbH,POZ2
00340434885910734609,Victorioso Nutrition GmbH,POZ2
00340434885910726062,Victorioso Nutrition GmbH,POZ2
00340434885910749696,Victorioso Nutrition GmbH,POZ2
00340433885224233561,Wondersmile GmbH,POZ2
00340433885223976933,Wondersmile GmbH,POZ2
00340433885224031990,Wondersmile GmbH,POZ2
00340433885224091505,Wondersmile GmbH,POZ2
00340433885224010209,Wondersmile GmbH,POZ2
00340433885223917523,Wondersmile GmbH,POZ2
00340433885222378264,Wondersmile GmbH,POZ2
00340433885222375195,Wondersmile GmbH,POZ2
00340433885222549190,Wondersmile GmbH,POZ2
00340433885222821456,Wondersmile GmbH,POZ2
00340433885222215224,Wondersmile GmbH,POZ2
00340433885222288563,Wondersmile GmbH,POZ2
00340433885222017118,Wondersmile GmbH,POZ2
00340433885221786657,Wondersmile GmbH,POZ2
00340433885222284589,Wondersmile GmbH,POZ2
LF632436116DE,WorkDeco AB,POZ2
00340435060913170787,halm-club,POZ2
00340435060913175911,halm-club,POZ2
00340435060913173276,halm-club,POZ2
00340435060913159201,halm-club,POZ2
00340435060913185705,halm-club,POZ2
00340435060913189932,halm-club,POZ2
00340435060913141909,halm-club,POZ2
00340435060913169279,halm-club,POZ2
00340435060913130996,halm-club,POZ2
00340435060913114583,halm-club,POZ2
00340435060913131764,halm-club,POZ2
12121476424,litelok,POZ2
12122457261,litelok,POZ2
12122463096,litelok,POZ2
12122462366,litelok,POZ2
12122463088,litelok,POZ2
12122455899,litelok,POZ2
12121988782,litelok,POZ2
12122455014,litelok,POZ2
12122453745,litelok,POZ2
12122460599,litelok,POZ2
12122459815,litelok,POZ2
12122452477,litelok,POZ2
12121989915,litelok,POZ2
12122457116,litelok,POZ2
12121989593,litelok,POZ2
00340434519942512064,mybacs,POZ2
00340434519942518196,mybacs,POZ2
00340434519942536817,mybacs,POZ2
00340433888371715751,mybacs,POZ2
00340433888371580328,mybacs,POZ2
00340434519942515201,mybacs,POZ2
00340434519942516864,mybacs,POZ2
00340434519942481841,mybacs,POZ2
00340433888371698054,mybacs,POZ2
00340434519942463786,mybacs,POZ2
00340434519942547103,mybacs,POZ2
00340434519942478599,mybacs,POZ2
00340434519942514884,mybacs,POZ2
00340433888371714785,mybacs,POZ2
00340434519942533878,mybacs,POZ2
00340434885910419346,teethlovers,POZ2
00340434797070141725,teethlovers,POZ2
00340434885910341401,teethlovers,POZ2
00340434885910315136,teethlovers,POZ2
00340434885910321632,teethlovers,POZ2
00340434797070145105,teethlovers,POZ2
00340434885910255340,teethlovers,POZ2
00340434797070139593,teethlovers,POZ2
00340434885910103429,teethlovers,POZ2
00340434797070137513,teethlovers,POZ2
00340434797070131658,teethlovers,POZ2
00340434797070134154,teethlovers,POZ2
00340434797070131665,teethlovers,POZ2
00340434797070134789,teethlovers,POZ2
00340434797070131696,teethlovers,POZ2